City_ID,City,Country,Date,Lat,Lng,Max Temp,Humidity,Cloudiness,Wind Speed
0,Dikson,RU,2022-06-07 01:39:13,73.5069,80.5464,30.27,95,100,9.69
1,Rikitea,PF,2022-06-07 01:39:13,-23.1203,-134.9692,71.65,67,6,17.34
2,Te Anau,NZ,2022-06-07 01:39:13,-45.4167,167.7167,47.5,93,88,6.38
3,Puerto Ayora,EC,2022-06-07 01:39:14,-0.7393,-90.3518,72.55,93,100,4.0
4,Flinders,AU,2022-06-07 01:39:14,-34.5833,150.8552,60.19,53,36,13.0
5,Sambava,MG,2022-06-07 01:39:15,-14.2667,50.1667,71.02,83,58,11.48
6,Los Llanos De Aridane,ES,2022-06-07 01:39:15,28.6585,-17.9182,65.95,86,20,14.97
7,Port-Gentil,GA,2022-06-07 01:39:16,-0.7193,8.7815,76.73,81,100,9.22
8,La Ronge,CA,2022-06-07 01:39:16,55.1001,-105.2842,68.22,30,40,9.22
9,Busselton,AU,2022-06-07 01:39:16,-33.65,115.3333,56.46,60,25,14.99
10,Vaini,TO,2022-06-07 01:39:17,-21.2,-175.2,78.96,61,20,13.8
11,Menongue,AO,2022-06-07 01:39:17,-14.6585,17.691,46.13,70,0,4.21
12,Ushuaia,AR,2022-06-07 01:39:18,-54.8,-68.3,38.86,48,20,12.66
13,Ukiah,US,2022-06-07 01:38:58,39.1502,-123.2078,79.38,48,0,5.01
14,Katsuura,JP,2022-06-07 01:39:18,35.1333,140.3,64.29,79,83,19.33
15,Manicore,BR,2022-06-07 01:39:19,-5.8092,-61.3003,75.15,100,0,3.44
16,Fort Frances,CA,2022-06-07 01:38:33,48.5999,-93.4003,66.42,37,0,6.91
17,Pemba,MZ,2022-06-07 01:39:19,-12.974,40.5178,72.3,94,20,13.8
18,Centralia,US,2022-06-07 01:39:20,46.7162,-122.9543,64.45,68,100,0.0
19,Benguela,AO,2022-06-07 01:39:20,-12.5763,13.4055,72.05,48,29,5.82
20,Byron Bay,AU,2022-06-07 01:39:20,-28.65,153.6167,60.71,44,93,5.77
21,Upernavik,GL,2022-06-07 01:39:21,72.7868,-56.1549,30.69,88,31,11.03
22,Cape Town,ZA,2022-06-07 01:39:21,-33.9258,18.4232,65.12,50,0,2.3
23,Mataura,NZ,2022-06-07 01:39:22,-46.1927,168.8643,54.46,67,72,2.64
24,Pandan,PH,2022-06-07 01:39:22,14.0453,124.1694,87.19,65,9,2.21
25,Taksimo,RU,2022-06-07 01:39:22,56.3444,114.8794,72.18,43,11,2.98
26,Ilulissat,GL,2022-06-07 01:39:23,69.2167,-51.1,37.42,65,3,11.5
27,Rincon,US,2022-06-07 01:39:23,32.296,-81.2354,76.96,84,75,9.22
28,Bluff,NZ,2022-06-07 01:39:24,-46.6,168.3333,55.09,69,98,16.73
29,Gat,IL,2022-06-07 01:35:03,31.61,34.7642,73.4,100,3,4.29
30,Meulaboh,ID,2022-06-07 01:39:24,4.1363,96.1285,78.3,76,100,4.41
31,Burgeo,CA,2022-06-07 01:39:25,47.6167,-57.6152,49.75,77,100,4.38
32,Tezu,IN,2022-06-07 01:39:25,27.9167,96.1667,77.85,84,100,1.1
33,Punta Arenas,CL,2022-06-07 01:39:25,-53.15,-70.9167,35.71,87,0,17.27
34,Bethel,US,2022-06-07 01:39:26,41.3712,-73.414,68.04,58,100,5.88
35,Salalah,OM,2022-06-07 01:39:26,17.0151,54.0924,84.29,70,75,4.61
36,Qaanaaq,GL,2022-06-07 01:39:27,77.484,-69.3632,30.69,97,100,4.36
37,Prince Rupert,CA,2022-06-07 01:39:00,54.3161,-130.3201,51.89,82,100,23.02
38,Vestmannaeyjar,IS,2022-06-07 01:39:27,63.4427,-20.2734,48.74,86,100,23.53
39,Yar-Sale,RU,2022-06-07 01:39:28,66.8333,70.8333,51.06,46,95,17.05
40,Coquimbo,CL,2022-06-07 01:39:28,-29.9533,-71.3436,55.13,94,0,3.44
41,Yellowknife,CA,2022-06-07 01:36:29,62.456,-114.3525,72.12,28,40,10.36
42,At-Bashi,KG,2022-06-07 01:39:29,41.1702,75.8106,56.17,50,11,1.79
43,Yumen,CN,2022-06-07 01:39:29,40.2833,97.2,72.72,16,8,15.35
44,Castro,BR,2022-06-07 01:39:29,-24.7911,-50.0119,58.46,91,94,2.19
45,Baie-Comeau,CA,2022-06-07 01:38:51,49.2168,-68.1489,53.28,76,0,3.44
46,Ambon,ID,2022-06-07 01:40:30,-3.6954,128.1814,87.94,66,20,3.44
47,Buluang,PH,2022-06-07 01:40:30,13.3068,123.3425,87.82,62,12,3.96
48,Labuhan,ID,2022-06-07 01:40:31,-6.8844,112.2051,82.02,76,75,5.3
49,Wangaratta,AU,2022-06-07 01:40:31,-36.3667,146.3333,45.46,98,100,9.22
50,Rio Grande,BR,2022-06-07 01:40:15,-32.035,-52.0986,54.95,93,100,8.9
51,Riverton,US,2022-06-07 01:37:24,40.5219,-111.9391,76.24,35,0,11.5
52,Saint George,US,2022-06-07 01:37:17,37.1041,-113.5841,97.43,13,0,10.36
53,Hobart,AU,2022-06-07 01:35:52,-42.8794,147.3294,44.46,71,40,12.66
54,Mezen,RU,2022-06-07 01:40:32,65.8522,44.24,47.53,92,100,4.12
55,Hermanus,ZA,2022-06-07 01:40:32,-34.4187,19.2345,60.8,43,8,8.95
56,Port Elizabeth,ZA,2022-06-07 01:40:33,-33.918,25.5701,57.31,60,0,4.0
57,Airai,TL,2022-06-07 01:40:33,-8.9266,125.4092,72.12,53,8,3.74
58,Nome,US,2022-06-07 01:40:34,64.5011,-165.4064,75.16,30,75,13.8
59,Chokurdakh,RU,2022-06-07 01:40:34,70.6333,147.9167,50.67,32,0,13.91
60,San Jose,US,2022-06-07 01:36:14,37.3394,-121.895,79.88,44,20,16.11
61,Cabo San Lucas,MX,2022-06-07 01:39:17,22.8909,-109.9124,91.71,31,0,4.61
62,Iqaluit,CA,2022-06-07 01:40:35,63.7506,-68.5145,40.73,80,20,16.11
63,Spas-Klepiki,RU,2022-06-07 01:40:35,55.1347,40.1767,47.82,92,4,6.67
64,Lorengau,PG,2022-06-07 01:40:35,-2.0226,147.2712,85.3,67,93,6.69
65,Correntina,BR,2022-06-07 01:40:36,-13.3433,-44.6367,62.08,46,0,3.24
66,Bredasdorp,ZA,2022-06-07 01:36:56,-34.5322,20.0403,58.53,39,52,3.15
67,Ribeira Grande,PT,2022-06-07 01:40:36,38.5167,-28.7,65.3,97,100,10.63
68,Grindavik,IS,2022-06-07 01:40:37,63.8424,-22.4338,51.75,100,100,18.41
69,Georgetown,MY,2022-06-07 01:36:29,5.4112,100.3354,82.33,94,20,3.44
70,Kerema,PG,2022-06-07 01:40:37,-7.9631,145.7785,83.59,72,44,6.26
71,Carnarvon,AU,2022-06-07 01:40:38,-24.8667,113.6333,74.43,58,0,13.69
72,Sorland,NO,2022-06-07 01:40:38,67.667,12.6934,42.66,72,100,24.67
73,Cheremkhovo,RU,2022-06-07 01:40:39,53.1561,103.0675,46.09,77,100,8.81
74,Hithadhoo,MV,2022-06-07 01:40:39,-0.6,73.0833,83.03,69,100,6.31
75,Saint-Philippe,RE,2022-06-07 01:40:39,-21.3585,55.7679,71.19,79,99,10.74
76,New Norfolk,AU,2022-06-07 01:40:40,-42.7826,147.0587,44.1,75,37,5.99
77,Palafrugell,ES,2022-06-07 01:40:40,41.9174,3.1631,69.44,55,19,2.51
78,Faya,SA,2022-06-07 01:40:41,18.3851,42.4509,66.31,21,16,2.95
79,Neiafu,TO,2022-06-07 01:40:41,-18.65,-173.9833,81.28,69,20,10.36
80,Gamba,GA,2022-06-07 01:40:41,-2.65,10.0,72.37,94,89,3.42
81,Hilo,US,2022-06-07 01:37:16,19.7297,-155.09,88.29,73,20,9.22
82,Fortuna,US,2022-06-07 01:40:42,40.5982,-124.1573,62.94,69,0,14.97
83,Grand Gaube,MU,2022-06-07 01:40:42,-20.0064,57.6608,72.0,81,13,1.99
84,Albany,US,2022-06-07 01:37:14,42.6001,-73.9662,72.01,58,99,4.05
85,Stornoway,GB,2022-06-07 01:40:43,58.2093,-6.3865,51.76,84,92,8.05
86,Talnakh,RU,2022-06-07 01:40:43,69.4865,88.3972,42.21,48,76,17.38
87,Ancud,CL,2022-06-07 01:40:44,-41.8697,-73.8203,48.6,96,100,2.71
88,Huicungo,PE,2022-06-07 01:40:44,-7.2833,-76.8,70.39,98,100,1.63
89,Tuktoyaktuk,CA,2022-06-07 01:40:45,69.4541,-133.0374,35.6,69,100,13.8
90,Mar Del Plata,AR,2022-06-07 01:39:10,-38.0023,-57.5575,55.09,74,0,13.8
91,Cidreira,BR,2022-06-07 01:41:45,-30.1811,-50.2056,62.46,95,100,9.93
92,Puertollano,ES,2022-06-07 01:41:46,38.6871,-4.1073,69.15,36,18,1.97
93,Souillac,MU,2022-06-07 01:41:46,-20.5167,57.5167,71.98,88,40,5.75
94,Otradnoye,RU,2022-06-07 01:41:46,59.7775,30.8181,49.96,71,45,4.34
95,Moose Factory,CA,2022-06-07 01:41:47,51.2585,-80.6094,57.2,94,100,2.3
96,Padang,ID,2022-06-07 01:41:47,-0.9492,100.3543,78.85,70,18,2.13
97,Severo-Kurilsk,RU,2022-06-07 01:41:48,50.6789,156.125,46.27,82,83,2.3
98,Illela,NG,2022-06-07 01:41:48,13.7292,5.2975,81.64,53,100,7.85
99,Tyssedal,NO,2022-06-07 01:41:49,60.1165,6.562,56.88,65,77,3.4
100,Surami,GE,2022-06-07 01:41:49,42.0243,43.5556,59.81,99,100,2.84
101,Bengkulu,ID,2022-06-07 01:41:49,-3.8004,102.2655,80.76,76,38,3.0
102,Sukhumi,GE,2022-06-07 01:41:50,43.0033,41.0153,66.09,95,98,4.65
103,Katherine,AU,2022-06-07 01:41:50,-14.4667,132.2667,86.32,48,10,13.8
104,Mantenopolis,BR,2022-06-07 01:41:51,-18.8625,-41.1228,58.86,76,14,2.37
105,Arraial Do Cabo,BR,2022-06-07 01:39:04,-22.9661,-42.0278,69.06,77,94,19.48
106,Jamestown,US,2022-06-07 01:39:00,42.097,-79.2353,73.04,53,100,11.5
107,Pokhara,NP,2022-06-07 01:41:51,28.2333,83.9833,80.98,54,84,3.85
108,San Cristobal,VE,2022-06-07 01:41:52,7.7669,-72.225,71.78,97,22,2.21
109,Coihaique,CL,2022-06-07 01:41:52,-45.5752,-72.0662,37.35,81,0,5.75
110,Oyama,JP,2022-06-07 01:41:53,36.3,139.8,64.22,77,100,12.21
111,Saint-Georges,GD,2022-06-07 01:38:14,12.0564,-61.7485,82.08,83,40,17.27
112,Ponta Do Sol,PT,2022-06-07 01:41:53,32.6667,-17.1,67.71,82,97,1.14
113,Codrington,AU,2022-06-07 01:41:53,-38.2667,141.9667,53.49,56,96,18.19
114,Fairbanks,US,2022-06-07 01:41:54,64.8378,-147.7164,77.02,23,0,12.66
115,Avera,US,2022-06-07 01:41:54,33.194,-82.5271,77.56,63,39,8.21
116,Esperance,AU,2022-06-07 01:41:55,-33.8667,121.9,57.67,60,100,4.25
117,Road Town,VG,2022-06-07 01:40:14,18.4167,-64.6167,82.49,83,40,12.66
118,Isangel,VU,2022-06-07 01:41:55,-19.55,169.2667,80.22,62,26,7.78
119,San Rafael,AR,2022-06-07 01:41:56,-34.6177,-68.3301,54.59,29,100,8.25
120,Naryan-Mar,RU,2022-06-07 01:41:56,67.6713,53.087,61.36,40,22,8.79
121,Morant Bay,JM,2022-06-07 01:41:56,17.8815,-76.4093,82.02,89,76,8.77
122,Do Gonbadan,IR,2022-06-07 01:41:57,30.3586,50.7981,78.89,27,0,0.0
123,Waitati,NZ,2022-06-07 01:41:57,-45.75,170.5667,56.8,52,50,6.53
124,Muros,ES,2022-06-07 01:41:58,42.7762,-9.0603,56.08,93,32,3.83
125,Cayenne,GF,2022-06-07 01:41:58,4.9333,-52.3333,76.08,1,75,1.14
126,Lompoc,US,2022-06-07 01:41:58,34.6391,-120.4579,71.02,71,0,31.0
127,Provideniya,RU,2022-06-07 01:41:59,64.3833,-173.3,41.11,75,0,6.71
128,Lasa,IT,2022-06-07 01:41:59,46.6166,10.7002,58.69,96,100,3.18
129,Pevek,RU,2022-06-07 01:42:00,69.7008,170.3133,34.66,81,94,5.44
130,Barrow,US,2022-06-07 01:42:00,71.2906,-156.7887,28.42,86,100,16.11
131,Naze,JP,2022-06-07 01:42:00,28.3667,129.4833,76.12,71,22,2.8
132,Andenes,NO,2022-06-07 01:42:01,69.3143,16.1194,40.98,81,75,20.71
133,Lavrentiya,RU,2022-06-07 01:42:01,65.5833,-171.0,41.7,70,99,3.09
134,Butaritari,KI,2022-06-07 01:42:02,3.0707,172.7902,81.43,76,1,11.86
135,Hovd,MN,2022-06-07 01:42:02,48.0056,91.6419,54.16,36,3,8.08
136,Normandin,CA,2022-06-07 01:42:03,48.8333,-72.5321,59.31,72,28,5.75
137,Abu Kamal,SY,2022-06-07 01:42:03,34.4506,40.9171,76.24,41,0,10.4
138,Mehamn,NO,2022-06-07 01:43:03,71.0357,27.8492,48.11,85,100,21.18
139,Hohoe,GH,2022-06-07 01:43:04,7.1518,0.4736,72.54,95,100,3.09
140,Skibbereen,IE,2022-06-07 01:43:04,51.55,-9.2667,52.11,96,54,5.68
141,Digby,CA,2022-06-07 01:43:05,44.6169,-65.7655,53.58,88,1,2.71
142,Guararapes,BR,2022-06-07 01:38:40,-21.2608,-50.6428,69.46,38,28,8.5
143,Almaznyy,RU,2022-06-07 01:43:05,48.0448,40.045,54.25,86,0,6.02
144,Kodiak,US,2022-06-07 01:43:06,57.79,-152.4072,54.91,67,0,10.36
145,Kochubey,RU,2022-06-07 01:43:06,44.3861,46.5825,69.82,65,100,8.81
146,Kapaa,US,2022-06-07 01:43:06,22.0752,-159.319,80.58,78,20,11.5
147,Shieli,KZ,2022-06-07 01:43:07,44.1667,66.75,82.63,20,1,5.23
148,Taoudenni,ML,2022-06-07 01:43:07,22.6783,-3.9836,92.79,8,6,1.9
149,Utete,TZ,2022-06-07 01:43:07,-7.986,38.758,69.24,91,98,2.28
150,Atuona,PF,2022-06-07 01:43:08,-9.8,-139.0333,77.97,74,15,14.23
151,Sombrerete,MX,2022-06-07 01:43:08,23.6333,-103.65,72.68,29,100,4.36
152,Dunedin,NZ,2022-06-07 01:39:29,-45.8742,170.5036,57.79,49,57,1.01
153,Ferrol,ES,2022-06-07 01:43:09,43.4832,-8.2369,58.68,85,17,7.31
154,Oistins,BB,2022-06-07 01:43:09,13.0667,-59.5333,80.69,83,75,21.85
155,Maketu,NZ,2022-06-07 01:43:10,-37.7667,176.45,66.02,93,60,8.97
156,Pangkalanbuun,ID,2022-06-07 01:43:10,-2.6833,111.6167,81.93,77,90,2.73
157,Cuiluan,CN,2022-06-07 01:43:10,47.72,128.648,72.21,37,0,4.72
158,Sao Miguel Do Araguaia,BR,2022-06-07 01:43:11,-13.275,-50.1628,70.86,48,1,3.29
159,Alofi,NU,2022-06-07 01:43:11,-19.0595,-169.9187,80.49,78,75,13.8
160,Lebu,CL,2022-06-07 01:43:12,-37.6167,-73.65,52.16,87,100,17.67
161,Puerto Leguizamo,CO,2022-06-07 01:43:12,-0.1934,-74.7819,71.55,97,21,1.66
162,Nurota,UZ,2022-06-07 01:43:12,40.5614,65.6886,80.24,17,0,6.06
163,Demidov,RU,2022-06-07 01:43:13,55.2706,31.515,49.44,77,100,2.06
164,Zeya,RU,2022-06-07 01:43:13,53.75,127.2667,82.33,34,14,3.18
165,Paamiut,GL,2022-06-07 01:43:14,61.994,-49.6678,38.12,94,32,3.13
166,El Alto,PE,2022-06-07 01:43:14,-4.2714,-81.2147,63.05,82,12,11.61
167,Port Macquarie,AU,2022-06-07 01:43:14,-31.4333,152.9167,61.9,43,4,8.95
168,East London,ZA,2022-06-07 01:40:07,-33.0153,27.9116,63.61,39,0,5.73
169,Avarua,CK,2022-06-07 01:43:15,-21.2078,-159.775,80.65,78,40,11.5
170,Mahebourg,MU,2022-06-07 01:43:15,-20.4081,57.7,71.89,88,40,5.75
171,Zhigansk,RU,2022-06-07 01:43:16,66.7697,123.3711,64.87,60,90,5.82
172,Portadown,GB,2022-06-07 01:43:16,54.4241,-6.4412,55.22,77,100,2.51
173,Kigoma,TZ,2022-06-07 01:43:16,-4.8769,29.6267,70.16,75,7,6.96
174,Pitiquito,MX,2022-06-07 01:43:17,30.7,-112.0833,94.42,21,0,11.25
175,Sorsk,RU,2022-06-07 01:43:17,54.0033,90.2467,44.98,54,100,5.1
176,Port Hedland,AU,2022-06-07 01:43:18,-20.3167,118.5667,73.45,33,8,17.27
177,Tiksi,RU,2022-06-07 01:43:18,71.6872,128.8694,46.26,75,100,5.5
178,Kawalu,ID,2022-06-07 01:43:19,-7.3817,108.2082,78.78,79,94,2.39
179,Texistepec,MX,2022-06-07 01:43:19,17.8833,-94.7833,80.44,63,100,12.33
180,San Patricio,US,2022-06-07 01:43:19,28.017,-97.5169,84.54,79,3,17.94
181,Kulynychi,UA,2022-06-07 01:43:20,49.9823,36.3842,55.96,86,38,4.47
182,Thompson,CA,2022-06-07 01:43:20,55.7435,-97.8558,64.56,24,40,13.8
183,Nata,PA,2022-06-07 01:43:20,8.3333,-80.5167,75.09,90,90,7.25
184,Roma,US,2022-06-07 01:43:21,43.2128,-75.4557,72.82,52,75,8.05
185,Tuatapere,NZ,2022-06-07 01:44:21,-46.1333,167.6833,54.41,73,24,9.33
186,Yulara,AU,2022-06-07 01:44:22,-25.2406,130.9889,56.55,41,0,14.03
187,Emerald,AU,2022-06-07 01:44:22,-23.5333,148.1667,65.34,60,7,7.63
188,Great Yarmouth,GB,2022-06-07 01:44:23,52.6083,1.7305,52.05,86,100,11.79
189,Sibolga,ID,2022-06-07 01:44:23,1.7427,98.7792,81.46,73,95,1.21
190,Lamu,KE,2022-06-07 01:44:23,-2.2717,40.902,79.02,84,93,19.04
191,Sungairaya,ID,2022-06-07 01:44:24,0.7,108.9,84.31,68,68,3.8
192,Namibe,AO,2022-06-07 01:44:24,-15.1961,12.1522,74.37,42,45,6.24
193,Lagoa,PT,2022-06-07 01:44:25,39.05,-27.9833,64.13,96,100,17.58
194,Bambous Virieux,MU,2022-06-07 01:44:25,-20.3428,57.7575,71.85,88,40,5.75
195,Krasnoye,UA,2022-06-07 01:43:59,49.9145,24.6134,54.88,88,82,6.55
196,Kargasok,RU,2022-06-07 01:44:26,59.0556,80.8572,45.25,82,84,7.16
197,Kruisfontein,ZA,2022-06-07 01:44:26,-34.0033,24.7314,55.65,36,3,3.98
198,Coahuayana,MX,2022-06-07 01:44:26,18.7333,-103.6833,78.17,80,98,3.74
199,Kavieng,PG,2022-06-07 01:44:27,-2.5744,150.7967,83.79,73,60,9.51
200,Saldanha,ZA,2022-06-07 01:44:27,-33.0117,17.9442,65.98,40,5,12.55
201,Homa Bay,KE,2022-06-07 01:44:28,-0.5273,34.4571,62.94,82,84,4.0
202,Maceio,BR,2022-06-07 01:44:03,-9.6658,-35.7353,74.64,83,75,4.61
203,Comodoro Rivadavia,AR,2022-06-07 01:44:28,-45.8667,-67.5,37.26,60,0,3.44
204,Mirabad,AF,2022-06-07 01:44:29,30.4362,61.8383,79.5,12,0,9.78
205,Sitka,US,2022-06-07 01:44:29,57.0531,-135.33,60.69,55,100,9.22
206,Quelimane,MZ,2022-06-07 01:44:29,-17.8786,36.8883,65.68,98,100,3.91
207,Sorong,ID,2022-06-07 01:44:30,-0.8833,131.25,83.34,68,54,1.23
208,Norman Wells,CA,2022-06-07 01:44:30,65.282,-126.8329,59.04,55,75,8.05
209,Birjand,IR,2022-06-07 01:44:31,32.8663,59.2211,59.47,17,0,6.91
210,Hannibal,US,2022-06-07 01:43:07,39.7084,-91.3585,68.92,88,75,4.61
211,Tautira,PF,2022-06-07 01:44:31,-17.7333,-149.15,79.34,75,20,18.79
212,Hamilton,US,2022-06-07 01:42:46,39.1834,-84.5333,68.23,95,100,9.22
213,Khatanga,RU,2022-06-07 01:44:32,71.9667,102.5,50.27,63,100,12.62
214,Vega De Alatorre,MX,2022-06-07 01:44:32,20.0333,-96.6333,81.45,79,99,13.73
215,Alekseyevsk,RU,2022-06-07 01:44:32,57.8406,108.3492,69.89,50,3,10.51
216,Meadow Lake,US,2022-06-07 01:44:33,34.8014,-106.5436,90.88,11,6,12.24
217,Mareeba,AU,2022-06-07 01:44:33,-17.0,145.4333,80.44,74,92,4.32
218,Bilibino,RU,2022-06-07 01:44:34,68.0546,166.4372,45.12,43,100,14.32
219,Omboue,GA,2022-06-07 01:44:34,-1.5746,9.2618,73.89,89,77,3.44
220,Xinyang,CN,2022-06-07 01:42:54,32.1228,114.0656,80.67,53,39,9.19
221,Saskylakh,RU,2022-06-07 01:44:35,71.9167,114.0833,46.53,51,38,5.66
222,Baykit,RU,2022-06-07 01:44:35,61.67,96.37,45.59,94,100,5.3
223,Losinyy,RU,2022-06-07 01:44:35,57.1386,61.0666,51.55,81,100,8.77
224,Petropavlovsk-Kamchatskiy,RU,2022-06-07 01:44:36,53.0452,158.6483,54.19,62,40,15.66
225,Tooele,US,2022-06-07 01:44:36,40.5308,-112.2983,69.87,35,0,9.22
226,Sidi Ali,DZ,2022-06-07 01:44:37,36.0998,0.4206,68.65,68,41,3.31
227,Cherskiy,RU,2022-06-07 01:44:37,68.75,161.3,46.42,44,79,7.76
228,Okhotsk,RU,2022-06-07 01:44:37,59.3833,143.3,52.45,76,100,7.81
229,Hami,CN,2022-06-07 01:44:38,42.8,93.45,80.51,12,60,7.78
230,Bousso,TD,2022-06-07 01:44:38,10.4795,16.7117,82.17,51,8,5.44
231,Vardo,NO,2022-06-07 01:44:39,70.3705,31.1107,44.58,81,57,13.8
232,Buraydah,SA,2022-06-07 01:45:39,26.326,43.975,79.25,10,0,6.49
233,Sioux Lookout,CA,2022-06-07 01:45:40,50.1001,-91.917,62.67,48,75,2.3
234,Gigmoto,PH,2022-06-07 01:45:40,13.7796,124.39,87.71,64,9,7.36
235,Bulgan,MN,2022-06-07 01:45:40,48.8125,103.5347,46.85,84,100,9.1
236,Tura,IN,2022-06-07 01:45:41,25.5198,90.2201,78.62,92,100,5.55
237,Barabinsk,RU,2022-06-07 01:45:41,55.3571,78.357,56.5,58,43,6.67
238,Leninskoye,KZ,2022-06-07 01:45:42,41.7589,69.3864,76.78,28,0,3.2
239,Neuquen,AR,2022-06-07 01:45:38,-38.9516,-68.0591,48.09,81,0,4.61
240,Chapleau,CA,2022-06-07 01:45:42,47.8405,-83.4034,53.69,94,100,4.61
241,Northam,GB,2022-06-07 01:45:42,51.0333,-4.2167,56.66,94,24,2.86
242,Caravelas,BR,2022-06-07 01:45:43,-17.7125,-39.2481,66.94,84,5,1.39
243,Yerbogachen,RU,2022-06-07 01:45:43,61.2767,108.0108,67.5,44,10,12.84
244,Skuodas,LT,2022-06-07 01:45:44,56.2667,21.5333,62.46,87,98,7.49
245,Portalegre,PT,2022-06-07 01:45:44,39.2938,-7.4312,57.4,96,52,3.24
246,Ketchikan,US,2022-06-07 01:45:44,55.3422,-131.6461,52.27,93,100,8.05
247,Bonthe,SL,2022-06-07 01:45:45,7.5264,-12.505,78.13,83,43,5.17
248,Port Alfred,ZA,2022-06-07 01:45:45,-33.5906,26.891,63.21,40,0,4.7
249,Hasaki,JP,2022-06-07 01:45:46,35.7333,140.8333,66.29,86,100,25.75
250,Matamoros,MX,2022-06-07 01:45:46,25.5333,-103.25,100.51,10,40,6.91
251,Begun,IN,2022-06-07 01:45:46,24.9833,75.0,86.81,29,0,12.35
252,Vryburg,ZA,2022-06-07 01:45:47,-26.9566,24.7284,46.85,56,59,4.92
253,Paragominas,BR,2022-06-07 01:45:47,-2.9667,-47.4833,70.29,99,100,2.33
254,Evensk,RU,2022-06-07 01:45:48,61.95,159.2333,58.75,47,96,1.77
255,Lauchhammer,DE,2022-06-07 01:45:48,51.5,13.8,62.11,81,100,4.36
256,Thiers,FR,2022-06-07 01:45:48,45.8333,3.5,57.52,92,6,3.42
257,Paysandu,UY,2022-06-07 01:45:49,-32.3214,-58.0756,51.6,89,0,4.34
258,North Bend,US,2022-06-07 01:45:07,43.4065,-124.2243,65.91,79,20,11.5
259,High Level,CA,2022-06-07 01:45:49,58.5169,-117.136,73.51,33,40,9.22
260,Bodden Town,KY,2022-06-07 01:45:50,19.2833,-81.25,82.99,81,75,9.22
261,Leh,IN,2022-06-07 01:45:50,34.1667,77.5833,51.93,45,17,4.99
262,Kamenka,RU,2022-06-07 01:45:51,51.3223,42.7678,51.6,93,0,7.49
263,Dehloran,IR,2022-06-07 01:45:51,32.6941,47.2679,94.93,11,7,5.44
264,Careiro Da Varzea,BR,2022-06-07 01:45:51,-3.2003,-59.8119,75.81,94,100,3.74
265,Vaasa,FI,2022-06-07 01:45:52,63.096,21.6158,53.94,76,0,9.22
266,Luderitz,NA,2022-06-07 01:45:52,-26.6481,15.1594,69.69,31,0,14.83
267,Nigde,TR,2022-06-07 01:45:52,37.8333,34.75,56.37,77,45,2.01
268,Axim,GH,2022-06-07 01:45:53,4.8699,-2.2405,76.86,81,100,4.68
269,Mana,GF,2022-06-07 01:45:53,5.6592,-53.7767,76.24,89,100,8.12
270,Isiro,CD,2022-06-07 01:45:54,2.7739,27.616,64.2,98,40,2.33
271,Victoria,HK,2022-06-07 01:44:43,22.2855,114.1577,84.96,89,100,11.01
272,Bellefontaine,US,2022-06-07 01:45:54,40.3612,-83.7597,68.7,84,75,12.66
273,Yarada,IN,2022-06-07 01:45:55,17.65,83.2667,82.72,89,20,2.3
274,Tasiilaq,GL,2022-06-07 01:45:55,65.6145,-37.6368,37.56,65,100,4.36
275,Karema,TZ,2022-06-07 01:45:56,-6.8205,30.4389,65.23,77,0,7.07
276,Tadine,NC,2022-06-07 01:46:56,-21.55,167.8833,76.57,68,34,6.78
277,Vao,NC,2022-06-07 01:46:56,-22.6667,167.4833,73.72,73,58,10.54
278,Kavaratti,IN,2022-06-07 01:46:57,10.5669,72.642,83.12,76,100,14.83
279,Pinawa,CA,2022-06-07 01:46:57,50.1489,-95.8811,54.68,74,82,4.41
280,Sao Jose Da Coroa Grande,BR,2022-06-07 01:46:58,-8.8978,-35.1478,74.25,90,51,9.86
281,Oranjestad,AW,2022-06-07 01:45:41,12.524,-70.027,82.35,78,20,19.57
282,La Plata,AR,2022-06-07 01:45:01,-34.9215,-57.9545,50.04,78,1,3.76
283,Somerset East,ZA,2022-06-07 01:46:58,-32.7217,25.588,54.46,38,0,6.91
284,Pangnirtung,CA,2022-06-07 01:46:59,66.1451,-65.7125,34.23,82,52,1.61
285,Srednekolymsk,RU,2022-06-07 01:46:59,67.45,153.6833,48.42,42,28,14.38
286,Formosa,AR,2022-06-07 01:46:59,-26.1775,-58.1781,62.58,94,75,5.75
287,Grand-Santi,GF,2022-06-07 01:47:00,4.25,-54.3833,72.16,99,100,0.6
288,Kuzhener,RU,2022-06-07 01:47:00,56.8111,48.9128,51.82,93,100,11.18
289,Bezenchuk,RU,2022-06-07 01:47:01,52.982,49.4333,54.88,92,75,13.78
290,Tabou,CI,2022-06-07 01:47:01,4.423,-7.3528,75.4,88,100,2.93
291,Shimoda,JP,2022-06-07 01:47:02,34.6667,138.95,66.56,88,100,11.16
292,Krasnoye-Na-Volge,RU,2022-06-07 01:47:02,57.5125,41.2419,43.9,93,8,8.01
293,Akyab,MM,2022-06-07 01:47:03,20.15,92.9,83.1,75,91,5.44
294,Karratha,AU,2022-06-07 01:47:03,-20.7377,116.8463,71.87,42,15,22.15
295,Pisco,PE,2022-06-07 01:47:04,-13.7,-76.2167,64.45,82,23,9.22
296,Saint-Pierre,RE,2022-06-07 01:47:04,-21.3393,55.4781,71.28,78,75,11.5
297,Jizan,SA,2022-06-07 01:47:05,17.3333,42.6667,85.14,70,39,1.77
298,Kununurra,AU,2022-06-07 01:47:05,-15.7667,128.7333,87.78,45,51,10.36
299,Raipur,IN,2022-06-07 01:47:05,21.2333,81.6333,86.14,62,20,6.91
300,Huarmey,PE,2022-06-07 01:47:06,-10.0681,-78.1522,64.4,86,50,3.02
301,Guilin,CN,2022-06-07 01:47:06,25.2819,110.2864,77.11,78,100,3.94
302,Ylivieska,FI,2022-06-07 01:47:07,64.0833,24.55,48.31,61,96,7.36
303,Tilichiki,RU,2022-06-07 01:47:07,60.4667,166.1,49.44,77,100,10.13
304,Ostrovnoy,RU,2022-06-07 01:47:07,68.0531,39.5131,40.42,95,100,9.1
305,Requena,ES,2022-06-07 01:47:08,39.4883,-1.1004,61.79,37,52,3.91
306,Saint-Francois,FR,2022-06-07 01:47:08,46.4154,3.9054,60.24,88,100,3.44
307,Saint Anthony,US,2022-06-07 01:42:43,45.0205,-93.218,73.02,42,0,9.22
308,Clyde River,CA,2022-06-07 01:42:13,70.4692,-68.5914,41.23,70,75,2.3
309,Phalaborwa,ZA,2022-06-07 01:47:09,-23.943,31.1411,54.68,84,0,4.29
310,Sibu,MY,2022-06-07 01:47:09,2.3,111.8167,79.11,88,20,3.44
311,Boyuibe,BO,2022-06-07 01:47:10,-20.4167,-63.2833,58.1,78,100,6.22
312,Alice Springs,AU,2022-06-07 01:47:10,-23.7,133.8833,56.75,51,6,14.97
313,Stromness,GB,2022-06-07 01:47:10,58.965,-3.296,51.76,90,18,5.99
314,Christchurch,NZ,2022-06-07 01:47:11,-43.5333,172.6333,63.48,63,100,14.97
315,Lata,PT,2022-06-07 01:47:11,40.1629,-8.3327,60.75,94,95,2.86
316,Nikolskoye,RU,2022-06-07 01:47:12,59.7035,30.7861,49.8,69,43,4.29
317,Pacific Grove,US,2022-06-07 01:47:12,36.6177,-121.9166,74.55,78,0,9.22
318,Yangjiang,CN,2022-06-07 01:47:13,21.85,111.9667,84.81,75,100,7.49
319,Aswan,EG,2022-06-07 01:47:13,24.0934,32.907,85.3,23,0,8.05
320,Live Oak,US,2022-06-07 01:47:13,36.9836,-121.9805,77.61,61,0,8.05
321,Marsh Harbour,BS,2022-06-07 01:48:14,26.5412,-77.0636,80.28,81,100,14.07
322,Plyussa,RU,2022-06-07 01:48:14,58.4308,29.3654,42.62,66,77,0.2
323,Port Hardy,CA,2022-06-07 01:48:15,50.6996,-127.4199,55.58,82,100,5.75
324,Tessalit,ML,2022-06-07 01:48:15,20.1986,1.0114,88.95,20,45,5.86
325,Geraldton,AU,2022-06-07 01:48:15,-28.7667,114.6,66.61,39,7,28.77
326,Chuy,UY,2022-06-07 01:48:16,-33.6971,-53.4616,50.2,92,63,5.41
327,Mount Isa,AU,2022-06-07 01:48:16,-20.7333,139.5,65.97,37,4,13.8
328,San Quintin,MX,2022-06-07 01:48:17,30.4833,-115.95,64.49,85,57,14.85
329,Lewistown,US,2022-06-07 01:46:27,40.5992,-77.5714,75.18,43,0,5.75
330,Loreto,MX,2022-06-07 01:47:52,22.2667,-101.9667,78.37,22,92,6.26
331,Eregli,TR,2022-06-07 01:48:17,37.5133,34.0467,62.96,66,1,4.9
332,Nyurba,RU,2022-06-07 01:48:18,63.2842,118.3319,66.29,55,28,3.85
333,Tarbagatay,RU,2022-06-07 01:48:18,51.4803,107.3602,51.33,90,100,6.96
334,Gannan,CN,2022-06-07 01:48:19,47.9147,123.5031,66.79,46,100,6.49
335,Orlik,RU,2022-06-07 01:48:19,52.5178,99.825,46.13,43,100,3.53
336,Mucuri,BR,2022-06-07 01:48:19,-18.0864,-39.5508,69.19,76,1,1.25
337,Zenzeli,RU,2022-06-07 01:48:20,45.9241,47.0474,64.81,58,99,8.28
338,Giyon,ET,2022-06-07 01:48:20,8.5333,37.9833,56.3,96,100,0.11
339,Borogontsy,RU,2022-06-07 01:48:21,62.6683,131.1683,81.66,34,52,3.36
340,College,US,2022-06-07 01:48:21,64.8569,-147.8028,76.98,22,20,12.66
341,Dahod,IN,2022-06-07 01:48:22,22.8333,74.2667,84.15,51,10,14.52
342,Longyearbyen,SJ,2022-06-07 01:48:22,78.2186,15.6401,42.64,70,40,13.8
343,Kyshtovka,RU,2022-06-07 01:48:22,56.555,76.6271,52.57,73,7,3.36
344,Araouane,ML,2022-06-07 01:48:23,18.9048,-3.5265,90.03,23,0,11.61
345,Tete,MZ,2022-06-07 01:48:23,-16.1564,33.5867,69.89,68,40,9.22
346,Inhambane,MZ,2022-06-07 01:48:24,-23.865,35.3833,69.33,66,100,11.03
347,Narsaq,GL,2022-06-07 01:48:24,60.9167,-46.05,41.65,89,100,4.18
348,Mitsamiouli,KM,2022-06-07 01:48:24,-11.3847,43.2844,78.08,71,78,8.77
349,Sosnogorsk,RU,2022-06-07 01:48:25,63.6023,53.8817,58.21,56,37,6.53
350,La Presa,US,2022-06-07 01:48:25,32.7081,-116.9973,80.91,76,75,9.22
351,Chara,RU,2022-06-07 01:48:26,56.9064,118.2631,70.72,41,26,1.59
352,Nouadhibou,MR,2022-06-07 01:48:26,20.931,-17.0347,69.78,78,55,19.57
353,Puerto Del Rosario,ES,2022-06-07 01:48:27,28.5004,-13.8627,69.55,78,40,18.41
354,Kirovohrad,UA,2022-06-07 01:48:27,48.5132,32.2597,56.61,74,1,4.97
355,Hobyo,SO,2022-06-07 01:48:28,5.3505,48.5268,78.85,76,100,25.7
356,Krasnoselkup,RU,2022-06-07 01:48:28,65.7,82.4667,44.76,47,57,10.78
357,Hornepayne,CA,2022-06-07 01:48:29,49.2138,-84.7705,50.85,98,100,6.11
358,Gunjur,GM,2022-06-07 01:48:29,13.2019,-16.7339,77.07,88,0,6.91
359,Nizwa,OM,2022-06-07 01:48:30,22.9333,57.5333,81.97,37,1,0.4
360,Linares,CL,2022-06-07 01:48:30,-35.85,-71.6,49.78,88,100,1.92
361,Ca Mau,VN,2022-06-07 01:48:30,9.1769,105.15,87.85,63,41,8.23
362,Kieta,PG,2022-06-07 01:48:31,-6.2167,155.6333,82.29,78,100,5.91
363,West Bay,KY,2022-06-07 01:48:31,19.3667,-81.4167,83.07,84,75,9.22
364,Faanui,PF,2022-06-07 01:48:32,-16.4833,-151.75,80.28,75,18,16.8
365,Baherden,TM,2022-06-07 01:48:32,38.4362,57.4316,85.35,12,17,4.36
366,Hay River,CA,2022-06-07 01:49:32,60.8156,-115.7999,62.58,42,40,14.97
367,Avon Park,US,2022-06-07 01:49:33,27.5959,-81.5062,77.81,88,35,5.48
368,Uvat,RU,2022-06-07 01:49:33,59.1433,68.8953,47.68,60,9,7.87
369,Gasa,PS,2022-06-07 01:49:34,31.5,34.4667,64.89,81,2,3.91
370,Inuvik,CA,2022-06-07 01:46:37,68.3499,-133.7218,43.56,56,75,13.8
371,Mahibadhoo,MV,2022-06-07 01:49:34,3.7833,72.9667,81.82,76,96,10.74
372,Vila Franca Do Campo,PT,2022-06-07 01:49:35,37.7167,-25.4333,66.61,96,93,8.05
373,Poum,NC,2022-06-07 01:49:35,-20.2333,164.0167,78.04,68,84,13.35
374,Leshukonskoye,RU,2022-06-07 01:49:35,64.8989,45.7622,48.88,83,96,6.71
375,Simao Dias,BR,2022-06-07 01:49:36,-10.7383,-37.8111,67.86,87,57,3.09
376,Kita,ML,2022-06-07 01:49:36,13.0349,-9.4895,84.61,46,78,2.55
377,Acatlan,MX,2022-06-07 01:49:36,20.15,-98.45,60.94,56,22,3.02
378,Daru,PG,2022-06-07 01:49:37,-9.0763,143.2092,82.54,77,68,5.1
379,Zlobin,HR,2022-06-07 01:49:37,45.2924,14.6541,65.5,64,0,8.05
380,Talara,PE,2022-06-07 01:49:38,-4.5772,-81.2719,64.74,85,19,11.27
381,Emilio Carranza,MX,2022-06-07 01:49:38,19.9711,-96.6114,80.73,79,96,12.53
382,Proletarskiy,RU,2022-06-07 01:49:39,50.7914,35.7731,57.83,76,100,3.29
383,Alta Floresta,BR,2022-06-07 01:49:39,-9.8756,-56.0861,74.07,76,53,0.47
384,Ondo,NG,2022-06-07 01:49:39,7.1,4.8333,69.51,98,57,2.06
385,Tahoua,NE,2022-06-07 01:49:40,14.8888,5.2692,83.34,45,98,5.35
386,Deep River,CA,2022-06-07 01:49:40,46.1001,-77.4995,58.95,97,100,8.19
387,Laela,TZ,2022-06-07 01:49:41,-8.5667,32.05,51.57,91,8,5.66
388,Ban Phai,TH,2022-06-07 01:49:41,16.06,102.731,82.62,63,100,13.38
389,Adrar,MR,2022-06-07 01:49:42,20.5022,-10.0711,88.25,13,9,12.41
390,Whitefish,US,2022-06-07 01:49:42,48.4111,-114.3376,61.41,61,75,11.5
391,Ilo,PE,2022-06-07 01:49:42,-17.6394,-71.3375,63.46,82,100,11.5
392,Wanning,CN,2022-06-07 01:49:43,18.8003,110.3967,87.49,65,99,11.41
393,Invermere,CA,2022-06-07 01:49:43,50.5167,-116.0354,53.37,96,100,3.09
394,Svobodnyy,RU,2022-06-07 01:49:44,51.4,128.1333,77.85,38,11,6.38
395,Bambanglipuro,ID,2022-06-07 01:49:44,-7.95,110.2833,82.36,76,98,5.19
396,Salta,AR,2022-06-07 01:47:07,-24.7859,-65.4117,49.57,83,0,3.44
397,Aklavik,CA,2022-06-07 01:49:45,68.2191,-135.0107,45.99,58,73,15.28
398,Gold Coast,AU,2022-06-07 01:46:17,-28.0,153.4333,60.87,68,95,5.75
399,Madimba,TZ,2022-06-07 01:49:45,-10.4,40.3333,72.01,85,90,12.1
400,Majholi,IN,2022-06-07 01:49:46,23.5,79.9167,88.84,16,47,14.88
401,Sao Paulo De Olivenca,BR,2022-06-07 01:49:46,-3.3783,-68.8725,72.21,98,79,1.39
402,Auki,SB,2022-06-07 01:49:47,-8.7676,160.7034,86.18,59,4,4.03
403,Port Blair,IN,2022-06-07 01:47:58,11.6667,92.75,80.64,89,100,6.91
404,Ibiapina,BR,2022-06-07 01:49:47,-3.9233,-40.8894,63.81,88,38,3.89
405,Kushiro,JP,2022-06-07 01:49:48,42.975,144.3747,47.35,81,75,9.22
406,Constitucion,CL,2022-06-07 01:49:48,-35.3333,-72.4167,51.62,90,100,4.32
407,Nova Olimpia,BR,2022-06-07 01:45:58,-14.7972,-57.2881,77.04,52,38,3.06
408,Waqqas,JO,2022-06-07 01:49:48,32.5427,35.6053,71.78,84,31,2.48
409,Kyle,US,2022-06-07 01:49:49,29.9984,-97.8715,90.97,60,0,19.57
410,Vila Velha,BR,2022-06-07 01:49:49,-20.3297,-40.2925,64.35,87,0,3.44
411,Bandarbeyla,SO,2022-06-07 01:49:50,9.4942,50.8122,80.46,74,100,22.08
412,San Luis,AR,2022-06-07 01:50:50,-33.295,-66.3356,52.14,45,3,7.56
413,Chiredzi,ZW,2022-06-07 01:50:51,-21.05,31.6667,50.86,90,2,2.44
414,Asau,RO,2022-06-07 01:50:51,46.4333,26.4,53.96,94,4,4.54
415,Abu Samrah,SY,2022-06-07 01:50:51,35.3029,37.1841,65.95,76,0,7.72
416,Olafsvik,IS,2022-06-07 01:50:52,64.8945,-23.7142,48.18,96,100,14.45
417,Tiarei,PF,2022-06-07 01:50:52,-17.5333,-149.3333,84.22,73,12,18.5
418,Mangochi,MW,2022-06-07 01:50:53,-14.4782,35.2645,62.44,88,97,8.12
419,Amecameca,MX,2022-06-07 01:50:53,19.1167,-98.7667,75.13,61,17,2.53
420,El Pardo,PH,2022-06-07 01:50:53,9.66,123.4944,86.11,65,99,2.24
421,Itarema,BR,2022-06-07 01:50:54,-2.9248,-39.9167,74.82,87,10,7.4
422,Banjar,ID,2022-06-07 01:50:54,-8.19,114.9675,86.23,66,38,0.25
423,San Policarpo,PH,2022-06-07 01:50:55,12.1791,125.5072,85.57,67,100,5.28
424,Limoux,FR,2022-06-07 01:50:55,42.9167,2.1667,59.52,93,16,4.94
425,Becerril,CO,2022-06-07 01:50:55,9.7041,-73.2793,74.35,94,7,3.62
426,Rundu,NA,2022-06-07 01:50:56,-17.9333,19.7667,45.36,58,0,6.51
427,Mbuji-Mayi,CD,2022-06-07 01:50:56,-6.15,23.6,66.25,53,7,3.91
428,Velasco Ibarra,EC,2022-06-07 01:50:56,-1.05,-79.6167,73.96,84,86,6.02
429,Vanavara,RU,2022-06-07 01:50:57,60.34,102.2797,52.95,81,99,10.36
430,Khani,GE,2022-06-07 01:50:57,41.9563,42.9566,56.77,98,100,2.08
431,Tuymazy,RU,2022-06-07 01:50:58,54.6067,53.7097,54.86,98,100,11.32
432,Kudahuvadhoo,MV,2022-06-07 01:50:58,2.6708,72.8944,82.04,74,64,8.14
433,Robertsport,LR,2022-06-07 01:50:59,6.7533,-11.3686,78.85,81,100,4.76
434,Dhidhdhoo,MV,2022-06-07 01:50:59,6.8833,73.1,82.71,75,100,13.8
435,Biak,ID,2022-06-07 01:51:00,-0.9131,122.8766,83.21,67,43,2.93
436,Hellvik,NO,2022-06-07 01:51:00,59.9156,5.781,57.78,73,66,1.01
437,Kirakira,SB,2022-06-07 01:51:00,-10.4544,161.9205,84.94,69,8,12.12
438,Urbana,US,2022-06-07 01:51:01,40.1106,-88.2073,73.49,78,100,13.8
439,Zinder,NE,2022-06-07 01:51:01,13.8072,8.9881,82.54,32,62,5.99
440,Urucara,BR,2022-06-07 01:51:02,-2.5364,-57.76,73.04,98,100,1.72
441,Witbank,ZA,2022-06-07 01:51:02,-25.8713,29.2332,45.19,67,0,3.62
442,Rawson,AR,2022-06-07 01:50:49,-43.3002,-65.1023,52.72,57,100,7.7
443,Oranjemund,NA,2022-06-07 01:51:03,-28.55,16.4333,66.15,30,5,10.09
444,Vallenar,CL,2022-06-07 01:51:03,-28.5708,-70.7581,59.7,43,0,0.4
445,Abha,SA,2022-06-07 01:51:04,18.2164,42.5053,66.02,48,0,0.0
446,Sundsvall,SE,2022-06-07 01:51:04,62.3913,17.3063,48.16,87,100,4.61
447,Povorino,RU,2022-06-07 01:51:04,51.1945,42.2457,54.21,91,0,6.55
448,Acari,PE,2022-06-07 01:51:05,-15.4311,-74.6158,67.82,77,30,2.91
449,Marfino,RU,2022-06-07 01:51:05,55.7028,37.3822,51.94,76,0,8.95
450,Marsabit,KE,2022-06-07 01:51:06,2.3284,37.9899,59.94,81,95,14.76
451,Nuuk,GL,2022-06-07 01:51:06,64.1835,-51.7216,43.88,52,11,8.99
452,Terney,RU,2022-06-07 01:51:06,45.0503,136.6092,56.25,58,3,7.49
453,Kotelnich,RU,2022-06-07 01:51:07,58.3089,48.348,52.36,91,100,8.46
454,Klaksvik,FO,2022-06-07 01:51:07,62.2266,-6.589,47.32,81,100,9.04
455,Kaniama,CD,2022-06-07 01:51:08,-7.5667,24.1833,60.49,59,8,4.92
456,Sola,VU,2022-06-07 01:51:08,-13.8833,167.55,80.24,78,30,20.83
457,Cesvaine,LV,2022-06-07 01:51:08,56.9667,26.3167,50.52,71,100,3.96
458,Portland,US,2022-06-07 01:49:10,45.5234,-122.6762,67.62,59,75,9.22
459,Tashtagol,RU,2022-06-07 01:52:09,52.7657,87.8894,50.27,58,100,2.93
460,Rosetta,EG,2022-06-07 01:52:09,31.4044,30.4164,73.58,81,0,10.2
461,Sur,OM,2022-06-07 01:52:10,22.5667,59.5289,84.96,59,0,8.3
462,Murmino,RU,2022-06-07 01:52:10,54.6036,40.0544,48.47,92,2,7.72
463,Huaidian,CN,2022-06-07 01:52:11,33.4333,115.0333,84.47,30,98,10.42
464,Rodez,FR,2022-06-07 01:52:11,44.5,2.5833,58.68,94,0,1.14
465,Berlevag,NO,2022-06-07 01:52:12,70.8578,29.0864,48.15,66,100,12.66
466,Hofn,IS,2022-06-07 01:52:12,64.2539,-15.2082,46.26,76,100,4.25
467,Impfondo,CG,2022-06-07 01:52:12,1.6381,18.0667,70.29,96,76,2.17
468,Yaan,NG,2022-06-07 01:52:13,7.3833,8.5667,71.85,92,95,3.11
469,Mangan,IN,2022-06-07 01:52:13,27.5167,88.5333,75.92,95,100,2.01
470,Sarangani,PH,2022-06-07 01:52:14,5.4033,125.4636,83.52,72,22,5.39
471,Worthington,US,2022-06-07 01:51:09,40.0931,-83.018,66.61,94,100,10.36
472,Jumla,NP,2022-06-07 01:52:14,29.2747,82.1838,65.46,47,0,3.33
473,Carballo,ES,2022-06-07 01:52:15,43.213,-8.691,58.42,90,51,4.25
474,Svetlyy,RU,2022-06-07 01:52:15,54.675,20.1347,60.85,97,100,9.55
475,Onalaska,US,2022-06-07 01:52:15,43.8844,-91.2351,66.67,83,100,3.18
476,Bullhead City,US,2022-06-07 01:52:16,35.1478,-114.5683,107.02,12,0,5.75
477,Puri,IN,2022-06-07 01:52:16,19.8,85.85,84.72,83,14,15.75
478,Guerrero Negro,MX,2022-06-07 01:52:16,27.9769,-114.0611,64.83,82,42,21.97
479,Upata,VE,2022-06-07 01:52:17,8.0086,-62.3989,73.18,91,98,5.55
480,Necochea,AR,2022-06-07 01:52:17,-38.5473,-58.7368,51.78,69,100,10.33
481,Osa,RU,2022-06-07 01:52:18,57.2829,55.4567,53.87,95,100,11.74
482,Mount Gambier,AU,2022-06-07 01:52:18,-37.8333,140.7667,51.1,63,90,10.2
483,Bagdarin,RU,2022-06-07 01:52:19,54.4333,113.6,64.96,53,91,4.41
484,Kaitangata,NZ,2022-06-07 01:52:19,-46.2817,169.8464,58.39,58,34,5.26
485,Pallasovka,RU,2022-06-07 01:52:19,50.05,46.8833,55.81,88,0,12.53
486,Beringovskiy,RU,2022-06-07 01:52:20,63.05,179.3167,39.02,88,85,5.41
487,Kailua,US,2022-06-07 01:52:20,21.4022,-157.7394,87.78,71,20,9.22
488,Nipawin,CA,2022-06-07 01:52:21,53.3668,-104.0009,68.04,32,40,6.91
489,Angoche,MZ,2022-06-07 01:52:21,-16.2325,39.9086,65.14,94,16,8.16
490,Mogadishu,SO,2022-06-07 01:52:21,2.0371,45.3438,78.39,80,99,19.06
491,Slave Lake,CA,2022-06-07 01:52:22,55.2834,-114.769,58.98,63,100,10.36
492,Roswell,US,2022-06-07 01:50:11,34.0232,-84.3616,73.96,92,0,3.44
493,Broome,US,2022-06-07 01:52:22,42.2506,-75.833,71.67,57,99,7.0
494,Namtsy,RU,2022-06-07 01:52:23,62.7161,129.6658,81.01,33,65,4.83
495,Bell Ville,AR,2022-06-07 01:52:23,-32.6259,-62.6887,51.6,64,2,4.54
496,Nkhotakota,MW,2022-06-07 01:52:24,-12.9274,34.2961,61.97,78,34,7.56
497,Syracuse,IT,2022-06-07 01:52:24,37.0881,15.2792,71.31,72,0,7.49
498,Nanortalik,GL,2022-06-07 01:52:24,60.1432,-45.2371,40.03,94,100,8.34
499,Illapel,CL,2022-06-07 01:52:25,-31.6308,-71.1653,57.54,54,2,1.41
500,Tari,NG,2022-06-07 01:52:25,12.4086,4.4914,77.95,65,96,5.23
501,Russellville,US,2022-06-07 01:52:22,35.2784,-93.1338,80.74,79,0,0.0
502,Praia Da Vitoria,PT,2022-06-07 01:52:26,38.7333,-27.0667,68.25,88,40,8.19
503,Wernigerode,DE,2022-06-07 01:49:40,51.8333,10.7833,54.37,89,99,3.91
504,Kloulklubed,PW,2022-06-07 01:52:26,7.0419,134.2556,81.46,77,29,7.38
505,Benghazi,LY,2022-06-07 01:52:27,32.1167,20.0667,74.21,78,0,5.26
506,Plettenberg Bay,ZA,2022-06-07 01:53:27,-34.0527,23.3716,63.5,42,0,3.91
507,Buala,SB,2022-06-07 01:53:27,-8.145,159.5921,84.47,69,12,9.57
508,Ahipara,NZ,2022-06-07 01:53:28,-35.1667,173.1667,62.4,86,100,8.84
509,Oksfjord,NO,2022-06-07 01:53:28,70.2396,22.3479,48.27,71,83,15.48
510,Batemans Bay,AU,2022-06-07 01:53:29,-35.7167,150.1833,57.09,47,7,12.28
511,Xiongyue,CN,2022-06-07 01:53:29,40.1774,122.1228,57.6,89,100,9.06
512,Dingle,PH,2022-06-07 01:53:30,10.9995,122.6711,86.74,66,96,7.16
513,Cockburn Town,TC,2022-06-07 01:53:24,21.4612,-71.1419,80.47,86,100,15.82
514,Nabire,ID,2022-06-07 01:53:30,-3.3667,135.4833,85.1,64,36,4.43
515,Tijuana,MX,2022-06-07 01:53:31,32.5333,-117.0167,78.55,85,75,5.75
516,Ginda,IN,2022-06-07 01:53:31,30.6945,78.4932,77.27,23,0,1.12
517,Pishin,PK,2022-06-07 01:53:31,30.5803,66.9961,74.62,10,0,0.47
518,Panalingaan,PH,2022-06-07 01:53:32,8.7842,117.4231,86.77,61,97,2.57
519,Magomeni,TZ,2022-06-07 01:53:32,-6.8,39.25,73.78,88,75,5.75
520,Almenara,BR,2022-06-07 01:53:33,-16.1836,-40.6944,60.13,85,2,1.81
521,Paita,PE,2022-06-07 01:53:33,-5.0892,-81.1144,65.26,81,66,10.87
522,Waingapu,ID,2022-06-07 01:53:34,-9.6567,120.2641,85.32,66,37,13.02
523,Kibre Mengist,ET,2022-06-07 01:53:34,5.8833,38.9833,58.77,98,100,1.03
524,Bathsheba,BB,2022-06-07 01:53:34,13.2167,-59.5167,81.21,83,75,21.85
525,Caceres,ES,2022-06-07 01:53:35,39.522,-6.3748,62.24,80,63,4.36
526,Smithers,CA,2022-06-07 01:53:35,54.7804,-127.1743,59.32,55,40,8.05
527,Shelburne,CA,2022-06-07 01:52:00,44.0787,-80.2041,59.79,99,100,9.44
528,Encruzilhada Do Sul,BR,2022-06-07 01:53:36,-30.5439,-52.5219,54.25,99,100,7.31
529,Komsomolskiy,UZ,2022-06-07 01:53:36,40.4272,71.7189,75.92,33,0,2.3
530,Bakurianis Andeziti,GE,2022-06-07 01:53:37,41.7337,43.4724,51.85,97,77,0.34
531,Caldas Novas,BR,2022-06-07 01:53:37,-17.7417,-48.625,60.76,50,59,3.49
532,Pleszew,PL,2022-06-07 01:53:37,51.8964,17.7855,57.54,94,63,6.98
533,Ponta Delgada,PT,2022-06-07 01:53:38,37.7333,-25.6667,66.92,94,75,8.05
534,Erzin,TR,2022-06-07 01:53:38,36.9559,36.2,69.12,93,59,1.95
535,Nacozari,MX,2022-06-07 01:53:39,25.3366,-108.2574,82.11,68,0,7.85
536,Seybaplaya,MX,2022-06-07 01:53:39,19.65,-90.6667,81.88,81,100,11.07
537,Ambovombe,MG,2022-06-07 01:53:39,-25.1667,46.0833,67.19,82,60,13.58
538,Da Nang,VN,2022-06-07 01:53:40,16.0678,108.2208,93.18,49,20,1.14
539,Shenjiamen,CN,2022-06-07 01:53:40,29.9576,122.298,70.68,88,96,16.55
540,Kungurtug,RU,2022-06-07 01:53:41,50.5994,97.5228,47.43,45,52,2.84
541,Half Moon Bay,US,2022-06-07 01:53:41,37.4636,-122.4286,76.53,75,0,20.71
542,Linqiong,CN,2022-06-07 01:53:42,30.4159,103.4609,78.62,56,45,2.82
543,Najran,SA,2022-06-07 01:53:42,17.4924,44.1277,72.25,18,94,4.03
544,Nichinan,JP,2022-06-07 01:53:42,31.6,131.3667,74.88,62,0,3.83
545,Shache,CN,2022-06-07 01:53:43,38.4167,77.2406,77.97,23,11,6.71
546,Mecca,SA,2022-06-07 01:52:20,21.4267,39.8261,87.53,25,8,3.96
547,Bonavista,CA,2022-06-07 01:53:43,48.6499,-53.1147,40.24,88,19,10.04
548,Torbay,CA,2022-06-07 01:53:44,47.6666,-52.7314,42.39,80,20,6.91
