City ID,City,Country,Date,Lat,Lng,Max Temp,Humidity,Cloudiness,Wind Speed,Current Description,Rain inches (last 3hrs),Snow inches (last 3hrs)
0,Rikitea,PF,2022-06-09 02:14:12,-23.1203,-134.9692,72.52,68,100,15.1,overcast clouds,0.0,0.0
1,Pevek,RU,2022-06-09 02:14:12,69.7008,170.3133,43.68,66,71,5.77,broken clouds,0.0,0.0
2,Atuona,PF,2022-06-09 02:14:12,-9.8,-139.0333,78.57,73,16,18.84,few clouds,0.0,0.0
3,Esperance,AU,2022-06-09 02:14:13,-33.8667,121.9,57.83,62,58,16.82,broken clouds,0.0,0.0
4,Busselton,AU,2022-06-09 02:14:13,-33.65,115.3333,59.52,77,53,19.62,broken clouds,0.0,0.0
5,Tacuati,PY,2022-06-09 02:14:14,-23.45,-56.5833,67.03,84,75,3.0,broken clouds,0.0,0.0
6,Chiang Mai,TH,2022-06-09 02:14:14,18.75,99.0,82.6,75,75,9.22,broken clouds,0.0,0.0
7,Qaanaaq,GL,2022-06-09 02:14:15,77.484,-69.3632,29.23,94,100,2.33,overcast clouds,0.0,0.0
8,Hobart,AU,2022-06-09 02:14:15,-42.8794,147.3294,50.25,66,40,23.02,scattered clouds,0.0,0.0
9,Butaritari,KI,2022-06-09 02:14:15,3.0707,172.7902,81.97,72,6,11.16,clear sky,0.0,0.0
10,Leua,SK,2022-06-09 02:14:16,48.2156,18.6071,61.21,94,100,4.23,overcast clouds,0.0,0.0
11,Cherskiy,RU,2022-06-09 02:14:16,68.75,161.3,59.99,47,99,11.32,overcast clouds,0.0,0.0
12,Thompson,CA,2022-06-09 02:14:17,55.7435,-97.8558,57.11,69,81,2.82,broken clouds,0.0,0.0
13,Columbus,US,2022-06-09 02:10:12,39.9612,-82.9988,70.0,95,75,8.05,broken clouds,0.0,0.0
14,Lesozavodsk,RU,2022-06-09 02:14:17,45.4794,133.4244,70.0,53,88,13.71,overcast clouds,0.0,0.0
15,Tuktoyaktuk,CA,2022-06-09 02:14:18,69.4541,-133.0374,33.51,78,100,11.63,overcast clouds,0.0,0.0
16,Nikolskoye,RU,2022-06-09 02:14:18,59.7035,30.7861,61.88,98,100,7.14,light rain,0.0,0.0
17,Poronaysk,RU,2022-06-09 02:14:19,49.2167,143.1167,45.61,79,100,10.89,moderate rain,0.0,0.0
18,Ushuaia,AR,2022-06-09 02:09:35,-54.8,-68.3,35.26,80,100,23.02,light rain,0.0,0.0
19,Provideniya,RU,2022-06-09 02:14:19,64.3833,-173.3,44.71,65,0,13.0,clear sky,0.0,0.0
20,Sao Geraldo Do Araguaia,BR,2022-06-09 02:14:20,-6.4006,-48.555,73.18,75,5,1.83,clear sky,0.0,0.0
21,Kyabe,TD,2022-06-09 02:14:20,9.4515,18.9449,76.3,76,100,8.08,overcast clouds,0.0,0.0
22,Cayenne,GF,2022-06-09 02:14:21,4.9333,-52.3333,82.09,1,20,0.0,few clouds,0.0,0.0
23,Kapaa,US,2022-06-09 02:14:21,22.0752,-159.319,80.58,76,20,13.8,few clouds,0.0,0.0
24,Arraial Do Cabo,BR,2022-06-09 02:14:21,-22.9661,-42.0278,70.45,88,47,8.9,scattered clouds,0.0,0.0
25,Dikson,RU,2022-06-09 02:14:22,73.5069,80.5464,32.16,84,91,5.14,overcast clouds,0.0,0.0
26,College,US,2022-06-09 02:14:22,64.8569,-147.8028,65.46,37,20,16.11,few clouds,0.0,0.0
27,Hermanus,ZA,2022-06-09 02:14:22,-34.4187,19.2345,61.81,85,1,11.39,clear sky,0.0,0.0
28,Kenai,US,2022-06-09 02:14:23,60.5544,-151.2583,70.03,47,0,11.5,clear sky,0.0,0.0
29,Sakaiminato,JP,2022-06-09 02:14:23,35.55,133.2333,65.62,79,9,9.24,clear sky,0.0,0.0
30,East London,ZA,2022-06-09 02:14:24,-33.0153,27.9116,66.56,35,0,7.87,clear sky,0.0,0.0
31,Yellowknife,CA,2022-06-09 02:14:24,62.456,-114.3525,77.56,25,9,10.0,clear sky,0.0,0.0
32,Bluff,NZ,2022-06-09 02:14:25,-46.6,168.3333,51.8,82,80,6.93,broken clouds,0.0,0.0
33,Vila Franca Do Campo,PT,2022-06-09 02:14:25,37.7167,-25.4333,66.61,94,62,5.75,broken clouds,0.0,0.0
34,Tiksi,RU,2022-06-09 02:14:26,71.6872,128.8694,46.22,53,16,10.63,few clouds,0.0,0.0
35,Villanueva De La Serena,ES,2022-06-09 02:14:26,38.9766,-5.7974,64.54,72,9,3.98,clear sky,0.0,0.0
36,Ampanihy,MG,2022-06-09 02:14:26,-24.7,44.75,57.42,80,0,6.89,clear sky,0.0,0.0
37,Tibati,CM,2022-06-09 02:14:27,6.4667,12.6333,65.34,99,100,2.66,overcast clouds,0.0,0.0
38,Santa Vitoria Do Palmar,BR,2022-06-09 02:14:27,-33.5189,-53.3681,54.54,93,5,4.97,clear sky,0.0,0.0
39,Bredasdorp,ZA,2022-06-09 02:14:28,-34.5322,20.0403,58.91,89,1,9.53,clear sky,0.0,0.0
40,Margate,GB,2022-06-09 02:14:28,51.3813,1.3862,54.7,81,0,3.0,clear sky,0.0,0.0
41,Jamestown,US,2022-06-09 02:10:14,42.097,-79.2353,63.01,63,100,9.22,light rain,0.0,0.0
42,Gimli,CA,2022-06-09 02:14:29,50.6336,-96.9907,57.29,64,38,6.6,scattered clouds,0.0,0.0
43,Faanui,PF,2022-06-09 02:14:29,-16.4833,-151.75,79.0,77,49,7.99,moderate rain,0.0,0.0
44,Puerto Ayora,EC,2022-06-09 02:14:29,-0.7393,-90.3518,71.55,90,24,5.01,few clouds,0.0,0.0
45,Riyadh,SA,2022-06-09 02:13:40,24.6877,46.7219,82.54,12,0,2.17,clear sky,0.0,0.0
46,Vaini,TO,2022-06-09 02:14:30,-21.2,-175.2,78.96,73,75,8.05,broken clouds,0.0,0.0
47,Avarua,CK,2022-06-09 02:14:31,-21.2078,-159.775,78.85,69,20,8.05,few clouds,0.0,0.0
48,Mahebourg,MU,2022-06-09 02:14:31,-20.4081,57.7,71.89,78,75,9.22,broken clouds,0.0,0.0
49,Masvingo,ZW,2022-06-09 02:14:31,-20.0637,30.8277,46.36,95,0,3.49,clear sky,0.0,0.0
50,Avesta,SE,2022-06-09 02:14:32,60.1455,16.1679,55.13,95,81,7.02,broken clouds,0.0,0.0
51,Bowen,AU,2022-06-09 02:14:32,-20.0167,148.2333,67.35,44,7,6.22,clear sky,0.0,0.0
52,Severo-Yeniseyskiy,RU,2022-06-09 02:14:33,60.3725,93.0408,56.82,45,10,7.27,clear sky,0.0,0.0
53,Alta Floresta,BR,2022-06-09 02:14:33,-9.8756,-56.0861,73.42,77,59,2.62,broken clouds,0.0,0.0
54,Barrow,US,2022-06-09 02:14:33,71.2906,-156.7887,28.42,86,100,6.91,overcast clouds,0.0,0.0
55,Maputo,MZ,2022-06-09 02:14:34,-25.9653,32.5892,59.23,89,0,1.01,clear sky,0.0,0.0
56,Carnarvon,AU,2022-06-09 02:14:34,-24.8667,113.6333,67.23,90,97,15.12,overcast clouds,0.0,0.0
57,Oriximina,BR,2022-06-09 02:14:35,-1.7656,-55.8661,74.32,94,88,3.18,overcast clouds,0.0,0.0
58,Cockburn Town,TC,2022-06-09 02:14:35,21.4612,-71.1419,80.4,82,100,15.12,overcast clouds,0.0,0.0
59,Bull Savanna,JM,2022-06-09 02:14:36,17.8868,-77.5902,75.63,86,99,9.13,overcast clouds,0.0,0.0
60,Port Antonio,JM,2022-06-09 02:14:36,18.18,-76.4612,80.01,86,41,9.04,scattered clouds,0.0,0.0
61,Nuevo Progreso,MX,2022-06-09 02:14:37,23.1667,-97.95,82.89,65,38,1.99,scattered clouds,0.0,0.0
62,Hamilton,US,2022-06-09 02:14:37,39.1834,-84.5333,71.55,88,0,14.97,clear sky,0.0,0.0
63,Airai,TL,2022-06-09 02:14:37,-8.9266,125.4092,59.54,97,100,3.13,light rain,0.0,0.0
64,New Norfolk,AU,2022-06-09 02:14:38,-42.7826,147.0587,49.91,71,97,8.01,overcast clouds,0.0,0.0
65,Aykhal,RU,2022-06-09 02:14:38,66.0,111.5,55.78,39,89,3.36,overcast clouds,0.0,0.0
66,Albany,US,2022-06-09 02:11:22,42.6001,-73.9662,64.81,74,100,2.28,overcast clouds,0.0,0.0
67,Neiafu,TO,2022-06-09 02:14:39,-18.65,-173.9833,81.28,69,75,5.75,broken clouds,0.0,0.0
68,Mataura,NZ,2022-06-09 02:14:39,-46.1927,168.8643,51.48,77,99,2.57,overcast clouds,0.0,0.0
69,Severo-Kurilsk,RU,2022-06-09 02:14:40,50.6789,156.125,44.64,81,100,4.14,overcast clouds,0.0,0.0
70,Shelburne,CA,2022-06-09 02:14:40,44.0787,-80.2041,57.31,82,100,2.59,light rain,0.0,0.0
71,Naze,JP,2022-06-09 02:14:40,28.3667,129.4833,72.25,78,100,6.04,overcast clouds,0.0,0.0
72,Axim,GH,2022-06-09 02:14:41,4.8699,-2.2405,77.94,85,34,8.37,scattered clouds,0.0,0.0
73,Kralendijk,BQ,2022-06-09 02:14:41,12.15,-68.2667,82.38,78,40,14.97,scattered clouds,0.0,0.0
74,Punta Arenas,CL,2022-06-09 02:14:35,-53.15,-70.9167,33.91,75,20,17.27,few clouds,0.0,0.0
75,Vostok,RU,2022-06-09 02:14:42,46.4856,135.8833,66.67,56,87,7.16,overcast clouds,0.0,0.0
76,Verkhoturye,RU,2022-06-09 02:14:42,58.8627,60.8054,50.7,99,100,9.8,moderate rain,0.0,0.0
77,Dabakala,CI,2022-06-09 02:14:42,8.3667,-4.4333,73.65,85,0,4.36,clear sky,0.0,0.0
78,Tasiilaq,GL,2022-06-09 02:14:43,65.6145,-37.6368,32.16,73,4,2.01,clear sky,0.0,0.0
79,Hithadhoo,MV,2022-06-09 02:14:43,-0.6,73.0833,82.2,73,99,2.06,overcast clouds,0.0,0.0
80,Barrancas,CO,2022-06-09 02:14:44,10.9576,-72.7877,73.96,94,54,3.58,broken clouds,0.0,0.0
81,Makueni,KE,2022-06-09 02:14:44,-1.8041,37.6203,57.43,94,82,1.61,broken clouds,0.0,0.0
82,San Policarpo,PH,2022-06-09 02:14:44,12.1791,125.5072,83.46,78,92,9.93,overcast clouds,0.0,0.0
83,Belle Fourche,US,2022-06-09 02:14:45,44.6714,-103.8522,65.5,56,100,6.02,overcast clouds,0.0,0.0
84,Hambantota,LK,2022-06-09 02:14:45,6.1241,81.1185,80.87,78,100,17.65,overcast clouds,0.0,0.0
85,Dongsheng,CN,2022-06-09 02:14:46,39.8161,109.9776,76.8,12,3,17.98,clear sky,0.0,0.0
86,Tazovskiy,RU,2022-06-09 02:14:46,67.4667,78.7,42.69,49,1,4.38,clear sky,0.0,0.0
87,Alihe,CN,2022-06-09 02:14:46,50.5667,123.7167,77.36,36,99,5.26,overcast clouds,0.0,0.0
88,Khatanga,RU,2022-06-09 02:14:47,71.9667,102.5,48.74,53,28,8.66,scattered clouds,0.0,0.0
89,Soyo,AO,2022-06-09 02:14:47,-6.1349,12.3689,72.79,92,76,3.13,broken clouds,0.0,0.0
90,Ahipara,NZ,2022-06-09 02:14:48,-35.1667,173.1667,59.4,81,100,17.63,overcast clouds,0.0,0.0
91,Cape Town,ZA,2022-06-09 02:14:48,-33.9258,18.4232,61.12,89,2,1.01,clear sky,0.0,0.0
92,Christchurch,NZ,2022-06-09 02:10:23,-43.5333,172.6333,57.47,62,100,3.44,overcast clouds,0.0,0.0
93,Orsha,BY,2022-06-09 02:14:49,54.5153,30.4053,61.79,82,93,6.73,overcast clouds,0.0,0.0
94,Ayagoz,KZ,2022-06-09 02:14:49,47.9714,80.4392,74.91,32,0,6.67,clear sky,0.0,0.0
95,Acapulco,MX,2022-06-09 02:14:49,16.8634,-99.8901,82.22,74,100,4.61,overcast clouds,0.0,0.0
96,Savannah Bight,HN,2022-06-09 02:14:50,16.45,-85.85,82.2,86,89,27.18,overcast clouds,0.0,0.0
97,Greensboro,US,2022-06-09 02:11:29,36.0726,-79.792,75.52,76,75,10.36,broken clouds,0.0,0.0
98,Bengkulu,ID,2022-06-09 02:14:50,-3.8004,102.2655,79.0,81,100,0.87,overcast clouds,0.0,0.0
99,Saint-Philippe,RE,2022-06-09 02:14:51,-21.3585,55.7679,65.79,78,94,13.42,overcast clouds,0.0,0.0
100,Tahta,EG,2022-06-09 02:14:51,26.7693,31.5021,83.16,26,0,3.36,clear sky,0.0,0.0
101,Mar Del Plata,AR,2022-06-09 02:11:23,-38.0023,-57.5575,47.08,66,15,10.16,few clouds,0.0,0.0
102,Saldanha,ZA,2022-06-09 02:14:52,-33.0117,17.9442,61.23,90,0,9.13,clear sky,0.0,0.0
103,Upernavik,GL,2022-06-09 02:14:52,72.7868,-56.1549,35.33,87,100,11.12,light snow,0.0,0.0
104,Igarka,RU,2022-06-09 02:14:53,67.4667,86.5833,45.18,45,6,7.49,clear sky,0.0,0.0
105,Russell,US,2022-06-09 02:14:53,32.3502,-85.1999,81.63,94,75,0.0,broken clouds,0.0,0.0
106,Mokrous,RU,2022-06-09 02:14:54,51.2333,47.5167,56.28,76,51,11.88,broken clouds,0.0,0.0
107,Castro,BR,2022-06-09 02:14:54,-24.7911,-50.0119,51.66,98,25,4.0,scattered clouds,0.0,0.0
108,Bani,DO,2022-06-09 02:14:54,18.2833,-70.3333,78.24,86,79,6.42,broken clouds,0.0,0.0
109,Bambous Virieux,MU,2022-06-09 02:14:55,-20.3428,57.7575,71.85,78,75,9.22,broken clouds,0.0,0.0
110,Windham,US,2022-06-09 02:14:55,41.8334,-72.0001,66.22,81,0,3.44,clear sky,0.0,0.0
111,Port Alfred,ZA,2022-06-09 02:14:56,-33.5906,26.891,64.18,51,1,4.0,clear sky,0.0,0.0
112,Kushima,JP,2022-06-09 02:14:56,31.4583,131.2333,75.79,73,100,5.73,overcast clouds,0.0,0.0
113,Wajir,KE,2022-06-09 02:14:57,1.7471,40.0573,73.2,77,100,9.31,overcast clouds,0.0,0.0
114,Saskylakh,RU,2022-06-09 02:14:57,71.9167,114.0833,62.2,59,14,10.78,few clouds,0.0,0.0
115,Yar-Sale,RU,2022-06-09 02:14:57,66.8333,70.8333,62.24,42,8,6.71,clear sky,0.0,0.0
116,Saint George,US,2022-06-09 02:14:58,37.1041,-113.5841,99.25,12,0,10.36,clear sky,0.0,0.0
117,Kahului,US,2022-06-09 02:14:58,20.8947,-156.47,86.02,48,40,19.57,scattered clouds,0.0,0.0
118,Port Hawkesbury,CA,2022-06-09 02:14:59,45.6169,-61.3485,59.97,90,100,5.01,moderate rain,0.0,0.0
119,Mount Gambier,AU,2022-06-09 02:14:59,-37.8333,140.7667,51.71,93,75,14.97,broken clouds,0.0,0.0
120,Lagoa,PT,2022-06-09 02:15:00,39.05,-27.9833,64.11,92,10,19.64,clear sky,0.0,0.0
121,Codrington,AU,2022-06-09 02:15:00,-38.2667,141.9667,53.56,76,99,18.66,overcast clouds,0.0,0.0
122,Springbok,ZA,2022-06-09 02:15:01,-29.6643,17.8865,51.26,39,0,2.84,clear sky,0.0,0.0
123,Roma,US,2022-06-09 02:12:15,43.2128,-75.4557,63.66,84,0,1.01,clear sky,0.0,0.0
124,Tura,IN,2022-06-09 02:15:01,25.5198,90.2201,74.98,97,100,6.8,heavy intensity rain,0.0,0.0
125,Limbe,CM,2022-06-09 02:15:02,4.0242,9.2149,75.65,90,100,1.25,overcast clouds,0.0,0.0
126,Bilibino,RU,2022-06-09 02:15:02,68.0546,166.4372,62.85,37,93,10.85,overcast clouds,0.0,0.0
127,Auki,SB,2022-06-09 02:15:02,-8.7676,160.7034,82.29,77,81,6.35,broken clouds,0.0,0.0
128,Taldan,RU,2022-06-09 02:15:03,53.6667,124.8,72.97,45,4,6.67,clear sky,0.0,0.0
129,Lebu,CL,2022-06-09 02:15:03,-37.6167,-73.65,52.41,90,100,6.38,overcast clouds,0.0,0.0
130,Grand Haven,US,2022-06-09 02:15:04,43.0631,-86.2284,59.43,81,100,5.75,overcast clouds,0.0,0.0
131,Clyde River,CA,2022-06-09 02:15:04,70.4692,-68.5914,32.23,93,100,8.05,overcast clouds,0.0,0.0
132,Calabozo,VE,2022-06-09 02:15:04,8.9242,-67.4293,77.36,67,49,5.26,scattered clouds,0.0,0.0
133,Watertown,US,2022-06-09 02:11:27,42.3709,-71.1828,70.07,68,0,4.61,clear sky,0.0,0.0
134,Setermoen,NO,2022-06-09 02:15:05,68.861,18.3486,43.43,87,19,1.41,few clouds,0.0,0.0
135,Cesme,TR,2022-06-09 02:15:05,38.3228,26.3064,64.11,88,0,0.0,clear sky,0.0,0.0
136,Albanel,CA,2022-06-09 02:15:06,48.8832,-72.4487,51.78,93,43,1.14,scattered clouds,0.0,0.0
137,Sao Miguel Do Araguaia,BR,2022-06-09 02:15:06,-13.275,-50.1628,73.67,40,1,2.53,clear sky,0.0,0.0
138,Yulara,AU,2022-06-09 02:15:06,-25.2406,130.9889,55.6,48,8,14.05,clear sky,0.0,0.0
139,Troitsko-Pechorsk,RU,2022-06-09 02:15:07,62.7084,56.1964,57.51,50,100,4.61,overcast clouds,0.0,0.0
140,Kodiak,US,2022-06-09 02:15:07,57.79,-152.4072,60.31,59,20,8.05,few clouds,0.0,0.0
141,Constitucion,CL,2022-06-09 02:15:08,-35.3333,-72.4167,50.43,85,58,6.82,broken clouds,0.0,0.0
142,Palu,ID,2022-06-09 02:15:08,-0.8917,119.8707,85.08,71,96,1.19,overcast clouds,0.0,0.0
143,The Valley,AI,2022-06-09 02:15:09,18.217,-63.0578,81.82,76,90,14.0,overcast clouds,0.0,0.0
144,Ponta Do Sol,PT,2022-06-09 02:15:09,32.6667,-17.1,70.43,83,8,3.15,clear sky,0.0,0.0
145,Maraba,BR,2022-06-09 02:15:09,-5.3686,-49.1178,77.18,100,0,5.75,clear sky,0.0,0.0
146,Atlantic City,US,2022-06-09 02:15:10,39.3643,-74.4229,73.58,87,0,11.5,clear sky,0.0,0.0
147,Nioro,GM,2022-06-09 02:15:10,13.35,-15.75,81.5,72,100,9.57,overcast clouds,0.0,0.0
148,Cidreira,BR,2022-06-09 02:15:11,-30.1811,-50.2056,62.55,87,8,11.07,clear sky,0.0,0.0
149,Eyl,SO,2022-06-09 02:15:11,7.9803,49.8164,82.65,57,92,21.18,overcast clouds,0.0,0.0
150,Georgetown,MY,2022-06-09 02:12:59,5.4112,100.3354,85.95,79,20,2.3,few clouds,0.0,0.0
151,Digha,IN,2022-06-09 02:15:12,21.6833,87.55,87.58,77,99,15.32,overcast clouds,0.0,0.0
152,Hilo,US,2022-06-09 02:15:12,19.7297,-155.09,84.27,67,20,10.36,few clouds,0.0,0.0
153,Newburn,GB,2022-06-09 02:15:14,54.9876,-1.7442,54.09,89,75,8.05,broken clouds,0.0,0.0
154,Bethel,US,2022-06-09 02:14:42,41.3712,-73.414,70.48,78,0,3.44,clear sky,0.0,0.0
155,Chokurdakh,RU,2022-06-09 02:15:15,70.6333,147.9167,52.07,51,55,11.25,broken clouds,0.0,0.0
156,Uyuni,BO,2022-06-09 02:15:15,-20.4597,-66.825,32.41,33,0,8.46,clear sky,0.0,0.0
157,Niimi,JP,2022-06-09 02:15:15,34.9833,133.4667,77.4,48,10,4.65,clear sky,0.0,0.0
158,Lavrentiya,RU,2022-06-09 02:12:19,65.5833,-171.0,42.62,56,0,5.06,clear sky,0.0,0.0
159,Baiyin,CN,2022-06-09 02:15:16,36.5583,104.2081,72.68,29,100,13.35,light rain,0.0,0.0
160,Banda Aceh,ID,2022-06-09 02:15:16,5.5577,95.3222,83.5,74,100,7.31,overcast clouds,0.0,0.0
161,Oktyabrskiy,RU,2022-06-09 02:15:17,54.4815,53.471,51.24,97,100,10.29,overcast clouds,0.0,0.0
162,Ceres,US,2022-06-09 02:15:17,37.5949,-120.9577,86.79,33,0,17.27,clear sky,0.0,0.0
163,Sitka,US,2022-06-09 02:15:18,57.0531,-135.33,62.49,48,100,11.5,light rain,0.0,0.0
164,Port Hedland,AU,2022-06-09 02:15:17,-20.3167,118.5667,75.25,41,100,18.41,overcast clouds,0.0,0.0
165,Vao,NC,2022-06-09 02:15:18,-22.6667,167.4833,69.64,77,99,12.86,light rain,0.0,0.0
166,Fortuna,US,2022-06-09 02:10:55,40.5982,-124.1573,57.85,93,75,13.8,broken clouds,0.0,0.0
167,Mehamn,NO,2022-06-09 02:15:19,71.0357,27.8492,44.51,83,19,22.55,few clouds,0.0,0.0
168,Sfantu Gheorghe,RO,2022-06-09 02:12:23,45.8667,25.7833,57.27,85,11,3.22,few clouds,0.0,0.0
169,Nagornskiy,RU,2022-06-09 02:15:19,58.7731,57.5451,50.79,91,100,7.02,overcast clouds,0.0,0.0
170,Luderitz,NA,2022-06-09 02:15:20,-26.6481,15.1594,63.18,41,1,6.49,clear sky,0.0,0.0
171,Nishihara,JP,2022-06-09 02:15:20,26.1842,127.7558,72.68,91,100,9.22,light intensity shower rain,0.0,0.0
172,Upata,VE,2022-06-09 02:15:21,8.0086,-62.3989,69.19,97,35,3.62,scattered clouds,0.0,0.0
173,Ghaziabad,IN,2022-06-09 02:15:21,28.6667,77.4333,93.34,18,23,1.97,few clouds,0.0,0.0
174,Grimshaw,CA,2022-06-09 02:15:21,56.1834,-117.6027,58.62,72,100,4.61,moderate rain,0.0,0.0
175,Jiuquan,CN,2022-06-09 02:15:22,39.7432,98.5174,74.64,13,0,3.18,clear sky,0.0,0.0
176,Greenwood,US,2022-06-09 02:15:22,34.1668,-82.1165,79.29,73,0,11.5,clear sky,0.0,0.0
177,Bouna,CI,2022-06-09 02:15:23,9.2667,-3.0,74.97,76,7,4.9,clear sky,0.0,0.0
178,Skjervoy,NO,2022-06-09 02:15:23,70.0311,20.9714,44.6,81,97,8.5,overcast clouds,0.0,0.0
179,Nouadhibou,MR,2022-06-09 02:15:23,20.931,-17.0347,66.72,87,99,11.68,overcast clouds,0.0,0.0
180,Biloela,AU,2022-06-09 02:15:24,-24.4167,150.5,61.34,30,3,12.82,clear sky,0.0,0.0
181,Floro,NO,2022-06-09 02:15:24,61.5996,5.0328,51.76,100,100,5.75,overcast clouds,0.0,0.0
182,Port Lincoln,AU,2022-06-09 02:15:25,-34.7333,135.8667,55.8,69,100,12.15,overcast clouds,0.0,0.0
183,Zhigalovo,RU,2022-06-09 02:12:12,54.8097,105.1578,54.57,59,100,4.43,overcast clouds,0.0,0.0
184,Porto Walter,BR,2022-06-09 02:15:25,-8.2686,-72.7439,71.44,99,59,1.01,broken clouds,0.0,0.0
185,Hofn,IS,2022-06-09 02:15:26,64.2539,-15.2082,47.3,78,76,7.78,broken clouds,0.0,0.0
186,Taseyevo,RU,2022-06-09 02:15:26,57.2169,94.8978,54.3,67,40,3.83,scattered clouds,0.0,0.0
187,Jining,CN,2022-06-09 02:15:27,35.405,116.5814,82.99,1,100,13.78,overcast clouds,0.0,0.0
188,Nebyliv,UA,2022-06-09 02:15:27,48.8153,24.2166,56.8,90,23,4.38,few clouds,0.0,0.0
189,Formosa,AR,2022-06-09 02:15:28,-26.1775,-58.1781,59.05,97,60,5.1,broken clouds,0.0,0.0
190,Kambove,CD,2022-06-09 02:15:28,-10.8764,26.5969,47.68,95,2,5.19,clear sky,0.0,0.0
191,Gualeguay,AR,2022-06-09 02:15:28,-33.1416,-59.3097,51.08,89,73,6.33,broken clouds,0.0,0.0
192,Comodoro Rivadavia,AR,2022-06-09 02:15:02,-45.8667,-67.5,42.66,49,0,14.97,clear sky,0.0,0.0
193,Laguna,US,2022-06-09 02:15:29,38.421,-121.4238,91.45,46,0,13.8,clear sky,0.0,0.0
194,Cabo San Lucas,MX,2022-06-09 02:15:29,22.8909,-109.9124,81.7,55,0,9.22,clear sky,0.0,0.0
195,Torbay,CA,2022-06-09 02:13:03,47.6666,-52.7314,38.39,86,100,4.25,overcast clouds,0.0,0.0
196,Atar,MR,2022-06-09 02:15:30,20.5169,-13.0499,89.02,25,13,9.28,few clouds,0.0,0.0
197,Vestmanna,FO,2022-06-09 02:15:30,62.1564,-7.1664,45.52,66,75,3.44,broken clouds,0.0,0.0
198,Portland,US,2022-06-09 02:15:06,45.5234,-122.6762,75.13,43,75,5.75,broken clouds,0.0,0.0
199,Dinguiraye,GN,2022-06-09 02:15:31,11.3,-10.7167,76.53,67,99,4.27,overcast clouds,0.0,0.0
200,Sungaipenuh,ID,2022-06-09 02:15:31,-2.0833,101.3833,72.37,80,100,0.38,overcast clouds,0.0,0.0
201,Tigil,RU,2022-06-09 02:15:31,57.8,158.6667,56.34,62,98,0.29,overcast clouds,0.0,0.0
202,Dingle,PH,2022-06-09 02:15:32,10.9995,122.6711,85.23,72,100,6.02,overcast clouds,0.0,0.0
203,Lima,PE,2022-06-09 02:14:51,-12.0432,-77.0282,63.9,82,0,10.36,clear sky,0.0,0.0
204,Kaitangata,NZ,2022-06-09 02:15:33,-46.2817,169.8464,49.21,70,100,4.25,overcast clouds,0.0,0.0
205,Lafiagi,NG,2022-06-09 02:15:33,8.8667,5.4167,75.87,85,96,5.59,overcast clouds,0.0,0.0
206,Fairbanks,US,2022-06-09 02:15:03,64.8378,-147.7164,65.48,37,0,16.11,clear sky,0.0,0.0
207,Vrangel,RU,2022-06-09 02:15:33,42.7297,133.0839,57.4,71,6,9.62,clear sky,0.0,0.0
208,Ulaanbaatar,MN,2022-06-09 02:14:04,47.9077,106.8832,53.73,40,20,11.18,few clouds,0.0,0.0
209,Mayor Pablo Lagerenza,PY,2022-06-09 02:15:34,-19.9309,-60.7718,64.42,93,100,5.64,overcast clouds,0.0,0.0
210,Wilmington,US,2022-06-09 02:14:05,34.2257,-77.9447,78.91,83,0,8.05,clear sky,0.0,0.0
211,Vinh,VN,2022-06-09 02:10:48,18.6667,105.6667,80.76,78,100,2.95,overcast clouds,0.0,0.0
212,Port Hardy,CA,2022-06-09 02:15:14,50.6996,-127.4199,60.98,55,75,6.91,broken clouds,0.0,0.0
213,Longyearbyen,SJ,2022-06-09 02:15:35,78.2186,15.6401,40.84,70,75,6.91,broken clouds,0.0,0.0
214,Saint Anthony,US,2022-06-09 02:15:35,45.0205,-93.218,71.38,36,0,10.36,clear sky,0.0,0.0
215,Paamiut,GL,2022-06-09 02:15:36,61.994,-49.6678,37.87,86,0,10.42,clear sky,0.0,0.0
216,Hoogeveen,NL,2022-06-09 02:15:36,52.6833,6.5833,57.11,95,60,8.41,broken clouds,0.0,0.0
217,Mbanza-Ngungu,CD,2022-06-09 02:15:36,-5.25,14.8667,63.41,81,96,3.89,overcast clouds,0.0,0.0
218,Canas,CR,2022-06-09 02:15:37,10.4294,-85.0931,75.09,94,100,1.01,overcast clouds,0.0,0.0
219,Padang,ID,2022-06-09 02:15:37,-0.9492,100.3543,84.25,71,100,2.37,overcast clouds,0.0,0.0
220,Fukue,JP,2022-06-09 02:15:38,32.6881,128.8419,77.36,73,75,6.91,broken clouds,0.0,0.0
221,Huilong,CN,2022-06-09 02:15:38,31.8111,121.655,77.94,71,7,16.64,clear sky,0.0,0.0
222,Fort Nelson,CA,2022-06-09 02:15:39,58.8053,-122.7002,60.39,88,75,11.5,broken clouds,0.0,0.0
223,Vysokogornyy,RU,2022-06-09 02:15:39,50.1167,139.15,48.9,95,100,4.09,light rain,0.0,0.0
224,Tandil,AR,2022-06-09 02:15:39,-37.3217,-59.1332,42.69,69,66,5.21,broken clouds,0.0,0.0
225,Tanout,NE,2022-06-09 02:15:40,14.9709,8.8879,82.35,15,13,5.77,few clouds,0.0,0.0
226,Okhotsk,RU,2022-06-09 02:15:40,59.3833,143.3,45.28,83,100,12.73,light rain,0.0,0.0
227,Asau,RO,2022-06-09 02:15:41,46.4333,26.4,54.52,100,94,2.28,overcast clouds,0.0,0.0
228,Pitharion,GR,2022-06-09 02:15:41,35.5167,24.0833,65.91,82,20,0.0,few clouds,0.0,0.0
229,Saint-Augustin,CA,2022-06-09 02:15:41,51.226,-58.6502,50.79,52,100,4.36,overcast clouds,0.0,0.0
230,Makokou,GA,2022-06-09 02:15:42,0.5738,12.8642,68.04,99,100,1.05,overcast clouds,0.0,0.0
231,Kerema,PG,2022-06-09 02:15:42,-7.9631,145.7785,82.96,75,82,4.9,broken clouds,0.0,0.0
232,Chapais,CA,2022-06-09 02:15:43,49.7834,-74.8492,51.58,90,100,3.78,overcast clouds,0.0,0.0
233,Kuminskiy,RU,2022-06-09 02:15:43,58.6667,66.5667,57.02,91,99,7.85,overcast clouds,0.0,0.0
234,Nanortalik,GL,2022-06-09 02:15:44,60.1432,-45.2371,39.22,85,28,5.37,scattered clouds,0.0,0.0
235,Havelock,US,2022-06-09 02:15:44,34.8791,-76.9013,80.58,94,75,5.75,broken clouds,0.0,0.0
236,Tuatapere,NZ,2022-06-09 02:15:44,-46.1333,167.6833,49.39,79,13,4.29,few clouds,0.0,0.0
237,Port Shepstone,ZA,2022-06-09 02:15:45,-30.7414,30.455,60.96,68,0,6.44,clear sky,0.0,0.0
238,Kavaratti,IN,2022-06-09 02:15:45,10.5669,72.642,82.8,77,71,14.85,broken clouds,0.0,0.0
239,Deputatskiy,RU,2022-06-09 02:12:18,69.3,139.9,47.61,38,12,12.93,few clouds,0.0,0.0
240,Makakilo City,US,2022-06-09 02:15:46,21.3469,-158.0858,83.95,55,0,17.27,clear sky,0.0,0.0
241,Victoria,HK,2022-06-09 02:15:45,22.2855,114.1577,82.45,92,92,7.0,light rain,0.0,0.0
242,Monrovia,LR,2022-06-09 02:15:46,6.3005,-10.7969,77.5,84,84,5.77,moderate rain,0.0,0.0
243,Dakar,SN,2022-06-09 02:13:40,14.6937,-17.4441,77.88,92,37,11.99,light rain,0.0,0.0
244,Ribeira Grande,PT,2022-06-09 02:15:47,38.5167,-28.7,65.34,94,28,14.05,scattered clouds,0.0,0.0
245,Rong Kwang,TH,2022-06-09 02:15:47,18.339,100.3174,83.68,84,95,2.13,overcast clouds,0.0,0.0
246,Shelbyville,US,2022-06-09 02:11:05,35.4834,-86.4603,74.55,45,0,4.61,clear sky,0.0,0.0
247,Sibiti,CG,2022-06-09 02:15:48,-3.6819,13.3499,65.95,93,100,1.95,overcast clouds,0.0,0.0
248,Manokwari,ID,2022-06-09 02:15:48,-0.8667,134.0833,83.35,67,64,4.65,moderate rain,0.0,0.0
249,Salekhard,RU,2022-06-09 02:15:49,66.53,66.6019,65.25,38,6,8.14,clear sky,0.0,0.0
250,Honningsvag,NO,2022-06-09 02:15:49,70.9821,25.9704,42.55,75,75,16.11,broken clouds,0.0,0.0
251,Rongcheng,CN,2022-06-09 02:15:49,30.634,117.8517,86.2,52,68,2.93,broken clouds,0.0,0.0
252,Pangnirtung,CA,2022-06-09 02:15:50,66.1451,-65.7125,33.93,75,4,4.94,clear sky,0.0,0.0
253,Carinhanha,BR,2022-06-09 02:15:50,-14.3047,-43.765,69.1,31,0,3.18,clear sky,0.0,0.0
254,Vanderhoof,CA,2022-06-09 02:15:51,54.0166,-124.0198,61.11,59,80,2.28,broken clouds,0.0,0.0
255,Namibe,AO,2022-06-09 02:15:51,-15.1961,12.1522,70.92,58,4,1.66,clear sky,0.0,0.0
256,Coquimbo,CL,2022-06-09 02:15:51,-29.9533,-71.3436,51.53,93,0,3.44,clear sky,0.0,0.0
257,Fare,PF,2022-06-09 02:15:52,-16.7,-151.0167,80.29,71,5,9.4,clear sky,0.0,0.0
258,Henties Bay,NA,2022-06-09 02:15:52,-22.116,14.2845,67.77,38,0,7.96,clear sky,0.0,0.0
259,Chuy,UY,2022-06-09 02:15:53,-33.6971,-53.4616,54.28,92,11,4.63,few clouds,0.0,0.0
260,Zhigansk,RU,2022-06-09 02:15:53,66.7697,123.3711,69.75,38,39,5.26,scattered clouds,0.0,0.0
261,Rio Grande,BR,2022-06-09 02:15:54,-32.035,-52.0986,53.94,89,15,6.08,few clouds,0.0,0.0
262,Quatre Cocos,MU,2022-06-09 02:15:54,-20.2078,57.7625,71.71,76,13,15.59,few clouds,0.0,0.0
263,Narsaq,GL,2022-06-09 02:15:54,60.9167,-46.05,48.42,72,22,2.28,few clouds,0.0,0.0
264,Sigli,ID,2022-06-09 02:15:55,5.3848,95.9609,82.26,74,97,2.1,overcast clouds,0.0,0.0
265,Olafsvik,IS,2022-06-09 02:15:55,64.8945,-23.7142,48.99,92,100,3.76,overcast clouds,0.0,0.0
266,Rubiataba,BR,2022-06-09 02:15:56,-15.1644,-49.8033,72.48,46,75,2.04,broken clouds,0.0,0.0
267,New Port Richey,US,2022-06-09 02:15:04,28.2442,-82.7193,84.22,76,79,3.0,broken clouds,0.0,0.0
268,Half Moon Bay,US,2022-06-09 02:13:45,37.4636,-122.4286,73.8,81,100,16.11,mist,0.0,0.0
269,Ilulissat,GL,2022-06-09 02:15:56,69.2167,-51.1,42.82,61,75,2.3,broken clouds,0.0,0.0
270,Hami,CN,2022-06-09 02:15:57,42.8,93.45,81.45,11,0,6.13,clear sky,0.0,0.0
271,Alofi,NU,2022-06-09 02:15:17,-19.0595,-169.9187,78.69,69,75,13.8,broken clouds,0.0,0.0
272,Zhezkazgan,KZ,2022-06-09 02:15:57,47.8043,67.7144,71.58,35,40,15.66,scattered clouds,0.0,0.0
273,Homer,US,2022-06-09 02:15:58,59.6425,-151.5483,65.77,55,0,8.99,clear sky,0.0,0.0
274,Salalah,OM,2022-06-09 02:15:58,17.0151,54.0924,84.29,74,40,2.3,scattered clouds,0.0,0.0
275,Cabra,ES,2022-06-09 02:15:58,37.4725,-4.4421,69.75,55,34,3.06,scattered clouds,0.0,0.0
276,Rawson,AR,2022-06-09 02:14:16,-43.3002,-65.1023,50.95,43,98,25.7,overcast clouds,0.0,0.0
277,Port Elizabeth,ZA,2022-06-09 02:15:59,-33.918,25.5701,68.31,44,0,20.71,clear sky,0.0,0.0
278,Wajima,JP,2022-06-09 02:15:59,37.4,136.9,72.28,64,40,4.61,scattered clouds,0.0,0.0
279,Port Macquarie,AU,2022-06-09 02:16:00,-31.4333,152.9167,59.9,39,0,4.99,clear sky,0.0,0.0
280,Koulamoutou,GA,2022-06-09 02:16:00,-1.1303,12.4736,69.49,96,81,0.16,broken clouds,0.0,0.0
281,Ous,RU,2022-06-09 02:16:01,60.9058,61.5186,48.74,91,100,9.4,overcast clouds,0.0,0.0
282,Klaksvik,FO,2022-06-09 02:16:01,62.2266,-6.589,47.32,79,100,21.23,overcast clouds,0.0,0.0
283,Necochea,AR,2022-06-09 02:16:02,-38.5473,-58.7368,51.01,64,90,10.31,overcast clouds,0.0,0.0
284,Mandan,US,2022-06-09 02:16:02,46.8267,-100.8896,67.21,48,0,4.61,clear sky,0.0,0.0
285,Calama,CL,2022-06-09 02:16:02,-22.4667,-68.9333,39.69,35,0,18.41,clear sky,0.0,0.0
286,Chicama,PE,2022-06-09 02:16:03,-7.8447,-79.1469,61.34,82,15,6.53,few clouds,0.0,0.0
287,Grand-Santi,GF,2022-06-09 02:16:03,4.25,-54.3833,72.66,100,100,1.48,heavy intensity rain,0.0,0.0
288,Lompoc,US,2022-06-09 02:16:04,34.6391,-120.4579,73.78,79,0,30.0,clear sky,0.0,0.0
289,Akureyri,IS,2022-06-09 02:16:04,65.6835,-18.0878,46.33,93,100,2.3,overcast clouds,0.0,0.0
290,Dukat,RU,2022-06-09 02:16:05,62.55,155.55,49.91,54,79,15.46,broken clouds,0.0,0.0
291,Omboue,GA,2022-06-09 02:16:05,-1.5746,9.2618,72.64,92,70,4.76,broken clouds,0.0,0.0
292,Teguise,ES,2022-06-09 02:16:05,29.0605,-13.564,66.42,83,0,23.02,clear sky,0.0,0.0
293,Seoul,KR,2022-06-09 02:14:28,37.5683,126.9778,71.04,71,93,3.31,overcast clouds,0.0,0.0
294,Katsuura,JP,2022-06-09 02:16:06,35.1333,140.3,68.02,81,74,12.37,broken clouds,0.0,0.0
295,Khandyga,RU,2022-06-09 02:12:16,62.6667,135.6,74.14,45,100,5.59,overcast clouds,0.0,0.0
296,Mezen,RU,2022-06-09 02:16:07,65.8522,44.24,52.77,62,100,2.1,overcast clouds,0.0,0.0
297,La Asuncion,VE,2022-06-09 02:16:07,11.0333,-63.8628,64.13,100,54,5.75,broken clouds,0.0,0.0
298,Mugan,CN,2022-06-09 02:16:07,35.9404,101.3842,58.62,60,72,4.09,broken clouds,0.0,0.0
299,Elk,PL,2022-06-09 02:16:08,53.8282,22.3647,58.84,96,100,5.41,overcast clouds,0.0,0.0
300,Siderno,IT,2022-06-09 02:16:08,38.2779,16.302,70.34,79,99,9.93,overcast clouds,0.0,0.0
301,La Ronge,CA,2022-06-09 02:13:03,55.1001,-105.2842,62.37,38,66,3.89,broken clouds,0.0,0.0
302,Abu Samrah,SY,2022-06-09 02:16:09,35.3029,37.1841,65.86,73,0,9.69,clear sky,0.0,0.0
303,Tilichiki,RU,2022-06-09 02:16:09,60.4667,166.1,51.19,63,74,7.23,broken clouds,0.0,0.0
304,Isangel,VU,2022-06-09 02:16:10,-19.55,169.2667,81.36,64,96,9.66,overcast clouds,0.0,0.0
305,San Cristobal,VE,2022-06-09 02:16:10,7.7669,-72.225,71.78,90,99,2.26,overcast clouds,0.0,0.0
306,Gidole,ET,2022-06-09 02:16:10,5.65,37.3667,52.97,84,89,2.48,light rain,0.0,0.0
307,Pudozh,RU,2022-06-09 02:16:11,61.8099,36.5345,55.85,64,100,4.34,overcast clouds,0.0,0.0
308,Pula,HR,2022-06-09 02:16:11,44.8683,13.8481,66.76,77,0,5.75,clear sky,0.0,0.0
309,Sur,OM,2022-06-09 02:16:12,22.5667,59.5289,86.92,62,0,6.91,clear sky,0.0,0.0
310,Kavieng,PG,2022-06-09 02:16:12,-2.5744,150.7967,84.07,58,47,7.09,scattered clouds,0.0,0.0
311,Miranda,CO,2022-06-09 02:12:59,3.2499,-76.2281,68.13,93,100,1.97,overcast clouds,0.0,0.0
312,Bahia Blanca,AR,2022-06-09 02:13:26,-38.7196,-62.2724,54.07,60,77,9.75,broken clouds,0.0,0.0
313,Vardo,NO,2022-06-09 02:16:13,70.3705,31.1107,46.38,57,58,9.22,broken clouds,0.0,0.0
314,Nicoya,CR,2022-06-09 02:16:13,10.1483,-85.452,74.8,92,100,2.53,overcast clouds,0.0,0.0
315,Marsaxlokk,MT,2022-06-09 02:16:15,35.8419,14.5431,73.08,77,100,12.44,overcast clouds,0.0,0.0
316,Teacapan,MX,2022-06-09 02:16:15,22.55,-105.75,77.41,77,13,5.57,few clouds,0.0,0.0
317,Najran,SA,2022-06-09 02:16:16,17.4924,44.1277,74.05,18,99,3.89,overcast clouds,0.0,0.0
318,Tahoua,NE,2022-06-09 02:16:16,14.8888,5.2692,86.85,20,15,4.65,few clouds,0.0,0.0
319,Terrace,CA,2022-06-09 02:11:24,54.5163,-128.6035,61.68,55,100,5.97,overcast clouds,0.0,0.0
320,Sao Felix Do Xingu,BR,2022-06-09 02:16:17,-6.6447,-51.995,72.14,75,60,1.14,broken clouds,0.0,0.0
321,Itarema,BR,2022-06-09 02:16:17,-2.9248,-39.9167,75.87,87,41,8.79,scattered clouds,0.0,0.0
322,Danjiangkou,CN,2022-06-09 02:16:17,32.5428,111.5086,87.64,47,100,4.74,overcast clouds,0.0,0.0
323,Luau,AO,2022-06-09 02:16:18,-10.7073,22.2247,53.74,71,7,5.66,clear sky,0.0,0.0
324,Luanda,AO,2022-06-09 02:16:04,-8.8368,13.2343,69.04,88,67,6.85,broken clouds,0.0,0.0
325,Dali,CN,2022-06-09 02:16:18,25.7,100.1833,67.32,79,100,4.16,overcast clouds,0.0,0.0
326,Carutapera,BR,2022-06-09 02:16:19,-1.195,-46.02,75.2,93,100,5.84,overcast clouds,0.0,0.0
327,Clifton Springs,AU,2022-06-09 02:16:19,-38.15,144.5667,56.97,83,40,19.57,scattered clouds,0.0,0.0
328,Orebro,SE,2022-06-09 02:16:20,59.2741,15.2066,55.58,88,75,5.75,broken clouds,0.0,0.0
329,Ferkessedougou,CI,2022-06-09 02:16:20,9.6,-5.2,76.14,73,23,4.97,few clouds,0.0,0.0
330,Kudahuvadhoo,MV,2022-06-09 02:16:20,2.6708,72.8944,81.93,73,100,6.78,overcast clouds,0.0,0.0
331,Progreso,MX,2022-06-09 02:16:21,21.2833,-89.6667,89.11,69,100,12.55,overcast clouds,0.0,0.0
332,Areosa,PT,2022-06-09 02:16:21,41.7178,-8.8571,62.28,95,19,5.99,few clouds,0.0,0.0
333,Rundu,NA,2022-06-09 02:16:22,-17.9333,19.7667,44.19,35,0,6.76,clear sky,0.0,0.0
334,Morgan City,US,2022-06-09 02:12:43,29.6994,-91.2068,82.99,94,0,5.75,clear sky,0.0,0.0
335,Swift Current,CA,2022-06-09 02:16:22,50.2834,-107.8014,67.01,39,0,10.36,clear sky,0.0,0.0
336,Manta,EC,2022-06-09 02:16:23,-0.95,-80.7333,73.18,83,100,11.5,overcast clouds,0.0,0.0
337,Yining,CN,2022-06-09 02:16:23,29.0361,114.5636,80.53,72,97,1.68,overcast clouds,0.0,0.0
338,Winneba,GH,2022-06-09 02:16:21,5.3511,-0.6231,77.41,88,31,7.52,light rain,0.0,0.0
339,Wanlaweyn,SO,2022-06-09 02:16:23,2.6185,44.8938,73.62,93,100,12.1,overcast clouds,0.0,0.0
340,Waingapu,ID,2022-06-09 02:16:24,-9.6567,120.2641,85.1,67,32,13.44,scattered clouds,0.0,0.0
341,Talnakh,RU,2022-06-09 02:16:24,69.4865,88.3972,40.21,81,65,5.95,broken clouds,0.0,0.0
342,Luwuk,ID,2022-06-09 02:16:25,-0.9516,122.7875,84.97,69,42,4.32,scattered clouds,0.0,0.0
343,Norman Wells,CA,2022-06-09 02:16:25,65.282,-126.8329,46.44,81,100,4.61,overcast clouds,0.0,0.0
344,Meadow Lake,US,2022-06-09 02:15:13,34.8014,-106.5436,80.04,72,100,24.23,overcast clouds,0.0,0.0
345,Cotui,DO,2022-06-09 02:15:03,19.0527,-70.1494,71.91,96,88,0.96,overcast clouds,0.0,0.0
346,Huangpi,CN,2022-06-09 02:16:26,30.8845,114.3779,87.91,51,0,11.18,clear sky,0.0,0.0
347,Kirovohrad,UA,2022-06-09 02:16:26,48.5132,32.2597,67.44,59,100,3.74,overcast clouds,0.0,0.0
348,Namatanai,PG,2022-06-09 02:16:27,-3.6667,152.4333,84.43,61,31,6.91,scattered clouds,0.0,0.0
349,Geraldton,AU,2022-06-09 02:16:27,-28.7667,114.6,68.41,73,40,18.41,scattered clouds,0.0,0.0
350,Port-Gentil,GA,2022-06-09 02:14:17,-0.7193,8.7815,75.52,85,100,9.48,overcast clouds,0.0,0.0
351,Bayan,CN,2022-06-09 02:16:28,46.0833,127.4,75.31,47,14,6.24,few clouds,0.0,0.0
352,Labuan,MY,2022-06-09 02:14:44,5.2767,115.2417,81.25,80,100,4.76,overcast clouds,0.0,0.0
353,Abomey-Calavi,BJ,2022-06-09 02:16:28,6.4485,2.3557,78.37,86,99,6.78,overcast clouds,0.0,0.0
354,Rabaul,PG,2022-06-09 02:16:28,-4.1967,152.1721,83.39,62,5,6.91,clear sky,0.0,0.0
355,Grand Baie,MU,2022-06-09 02:16:29,-20.0182,57.5802,72.07,77,4,1.99,clear sky,0.0,0.0
356,Grand Bank,CA,2022-06-09 02:13:03,47.0999,-55.765,48.97,70,100,4.38,overcast clouds,0.0,0.0
357,Cap Malheureux,MU,2022-06-09 02:16:29,-19.9842,57.6142,69.48,77,3,1.99,clear sky,0.0,0.0
358,Tayu,ID,2022-06-09 02:16:30,-6.5397,111.0518,82.44,73,100,4.72,overcast clouds,0.0,0.0
359,Yerbogachen,RU,2022-06-09 02:16:30,61.2767,108.0108,58.66,48,100,4.56,overcast clouds,0.0,0.0
360,Guerrero Negro,MX,2022-06-09 02:16:31,27.9769,-114.0611,65.17,78,7,14.72,clear sky,0.0,0.0
361,La Quinta,US,2022-06-09 02:16:31,33.6634,-116.31,103.57,18,0,8.05,clear sky,0.0,0.0
362,Zyryanka,RU,2022-06-09 02:16:31,65.75,150.85,48.87,56,98,6.22,overcast clouds,0.0,0.0
363,Abu Kamal,SY,2022-06-09 02:16:32,34.4506,40.9171,79.16,42,0,10.33,clear sky,0.0,0.0
364,Korla,CN,2022-06-09 02:16:32,41.7597,86.1469,81.86,17,0,2.93,clear sky,0.0,0.0
365,Carthage,TN,2022-06-09 02:16:33,36.8611,10.3316,72.93,46,20,3.44,few clouds,0.0,0.0
366,La Seyne-Sur-Mer,FR,2022-06-09 02:16:33,43.0982,5.8847,73.35,56,100,7.0,overcast clouds,0.0,0.0
367,San Carlos De Bariloche,AR,2022-06-09 02:16:33,-41.1456,-71.3082,37.24,81,75,20.71,broken clouds,0.0,0.0
368,Shimoda,JP,2022-06-09 02:16:34,34.6667,138.95,71.96,80,95,8.97,overcast clouds,0.0,0.0
369,Zwettl,AT,2022-06-09 02:16:34,48.6,15.1667,56.82,93,100,11.77,overcast clouds,0.0,0.0
370,Bonavista,CA,2022-06-09 02:16:35,48.6499,-53.1147,40.26,75,41,5.1,scattered clouds,0.0,0.0
371,Lodwar,KE,2022-06-09 02:16:35,3.1191,35.5973,79.52,51,28,14.65,scattered clouds,0.0,0.0
372,Labuhan,ID,2022-06-09 02:16:36,-6.8844,112.2051,81.95,76,100,3.42,overcast clouds,0.0,0.0
373,Takab,IR,2022-06-09 02:16:36,36.4009,47.1133,56.17,48,0,0.83,clear sky,0.0,0.0
374,Leningradskiy,RU,2022-06-09 02:16:36,69.3833,178.4167,39.18,67,22,15.79,few clouds,0.0,0.0
375,Karasjok,NO,2022-06-09 02:16:37,69.4719,25.5112,42.51,66,77,3.09,broken clouds,0.0,0.0
376,Wawa,NG,2022-06-09 02:16:37,9.9022,4.4192,78.73,70,55,6.4,broken clouds,0.0,0.0
377,Sao Filipe,CV,2022-06-09 02:16:37,14.8961,-24.4956,72.37,87,10,4.92,clear sky,0.0,0.0
378,Diamantino,BR,2022-06-09 02:16:38,-14.4086,-56.4461,70.5,91,80,3.4,broken clouds,0.0,0.0
379,Sterling,US,2022-06-09 02:16:38,39.0062,-77.4286,73.13,91,100,6.91,overcast clouds,0.0,0.0
380,Elko,US,2022-06-09 02:16:39,41.0002,-115.5012,80.62,14,100,3.0,overcast clouds,0.0,0.0
381,Sawakin,SD,2022-06-09 02:16:39,19.1059,37.3321,85.41,43,7,4.12,clear sky,0.0,0.0
382,Mexticacan,MX,2022-06-09 02:16:40,21.2654,-102.7798,82.85,16,44,8.3,scattered clouds,0.0,0.0
383,Westport,US,2022-06-09 02:16:40,41.1415,-73.3579,73.56,75,0,0.0,clear sky,0.0,0.0
384,Korem,ET,2022-06-09 02:16:40,12.5058,39.5228,58.91,36,99,1.97,overcast clouds,0.0,0.0
385,Souillac,MU,2022-06-09 02:16:41,-20.5167,57.5167,71.98,78,75,9.22,broken clouds,0.0,0.0
386,Birjand,IR,2022-06-09 02:16:41,32.8663,59.2211,64.87,19,0,6.91,clear sky,0.0,0.0
387,Teguldet,RU,2022-06-09 02:16:42,57.3064,88.1667,56.01,57,11,1.59,few clouds,0.0,0.0
388,Ancud,CL,2022-06-09 02:16:42,-41.8697,-73.8203,43.23,79,59,12.08,light rain,0.0,0.0
389,Nunspeet,NL,2022-06-09 02:16:42,52.3667,5.7667,57.88,94,9,8.1,clear sky,0.0,0.0
390,Senanga,ZM,2022-06-09 02:16:43,-16.1167,23.2667,49.39,58,0,5.1,clear sky,0.0,0.0
391,Kungurtug,RU,2022-06-09 02:16:43,50.5994,97.5228,51.21,46,98,2.19,overcast clouds,0.0,0.0
392,San Quintin,MX,2022-06-09 02:16:44,30.4833,-115.95,64.99,79,98,7.25,overcast clouds,0.0,0.0
393,Taoudenni,ML,2022-06-09 02:16:44,22.6783,-3.9836,95.99,15,23,8.25,few clouds,0.0,0.0
394,Constantine,DZ,2022-06-09 02:16:45,36.365,6.6147,63.81,59,0,3.44,clear sky,0.0,0.0
395,Del Rio,US,2022-06-09 02:16:45,29.3627,-100.8968,96.91,27,0,12.66,clear sky,0.0,0.0
396,Lasa,IT,2022-06-09 02:16:45,46.6166,10.7002,54.48,96,100,6.58,overcast clouds,0.0,0.0
397,Ardakan,IR,2022-06-09 02:16:46,32.31,54.0175,84.69,15,5,0.74,clear sky,0.0,0.0
398,Nome,US,2022-06-09 02:16:46,64.5011,-165.4064,69.17,47,0,6.91,clear sky,0.0,0.0
399,Kotka,FI,2022-06-09 02:16:47,60.4664,26.9458,56.46,95,100,5.26,overcast clouds,0.0,0.0
400,Shenzhen,CN,2022-06-09 02:15:11,22.5455,114.0683,82.92,93,99,3.87,overcast clouds,0.0,0.0
401,Nanning,CN,2022-06-09 02:16:47,22.8167,108.3167,86.45,85,100,5.66,overcast clouds,0.0,0.0
402,Catamarca,AR,2022-06-09 02:16:48,-28.4696,-65.7852,57.78,70,0,6.93,clear sky,0.0,0.0
403,Zielona Gora,PL,2022-06-09 02:16:48,51.9355,15.5064,58.96,39,36,4.18,scattered clouds,0.0,0.0
404,Sheridan,US,2022-06-09 02:16:49,44.8333,-106.9173,68.7,49,20,4.61,few clouds,0.0,0.0
405,Vega De Alatorre,MX,2022-06-09 02:16:49,20.0333,-96.6333,82.02,81,97,10.36,overcast clouds,0.0,0.0
406,Senneterre,CA,2022-06-09 02:16:49,48.3835,-77.2328,51.84,91,88,4.29,overcast clouds,0.0,0.0
407,Zernograd,RU,2022-06-09 02:16:50,46.8452,40.3083,62.29,63,90,8.32,overcast clouds,0.0,0.0
408,Torma,EE,2022-06-09 02:16:50,58.8128,26.7383,51.66,99,48,4.45,scattered clouds,0.0,0.0
409,Chernyy Yar,RU,2022-06-09 02:16:51,48.0624,46.1091,59.7,57,2,6.4,clear sky,0.0,0.0
410,Korhogo,CI,2022-06-09 02:16:51,9.45,-5.6333,75.06,72,3,4.29,clear sky,0.0,0.0
411,Egvekinot,RU,2022-06-09 02:16:52,66.3167,-179.1667,46.65,38,5,4.52,clear sky,0.0,0.0
412,Raton,US,2022-06-09 02:16:52,36.9034,-104.4391,70.14,52,75,21.85,broken clouds,0.0,0.0
413,Olinda,BR,2022-06-09 02:13:17,-8.0089,-34.8553,78.53,89,40,8.05,scattered clouds,0.0,0.0
414,Haines Junction,CA,2022-06-09 02:16:52,60.7522,-137.5108,67.95,28,85,8.05,overcast clouds,0.0,0.0
415,Valle De Allende,MX,2022-06-09 02:16:53,26.9333,-105.4,80.76,29,100,13.62,overcast clouds,0.0,0.0
416,Dunedin,NZ,2022-06-09 02:12:50,-45.8742,170.5036,53.8,54,100,1.36,light rain,0.0,0.0
417,Mayo,US,2022-06-09 02:16:53,38.8876,-76.5119,75.18,91,75,9.22,broken clouds,0.0,0.0
418,Macau,MO,2022-06-09 02:16:54,22.2006,113.5461,82.2,89,20,8.05,few clouds,0.0,0.0
419,Charters Towers,AU,2022-06-09 02:16:54,-20.1,146.2667,64.44,36,4,14.07,clear sky,0.0,0.0
420,Marsh Harbour,BS,2022-06-09 02:16:55,26.5412,-77.0636,80.76,75,18,7.07,few clouds,0.0,0.0
421,Port Blair,IN,2022-06-09 02:16:55,11.6667,92.75,78.84,89,100,11.5,light rain,0.0,0.0
422,Poum,NC,2022-06-09 02:16:55,-20.2333,164.0167,75.85,75,98,13.06,overcast clouds,0.0,0.0
423,Adrar,MR,2022-06-09 02:16:56,20.5022,-10.0711,88.05,23,37,11.45,scattered clouds,0.0,0.0
424,Srednekolymsk,RU,2022-06-09 02:16:56,67.45,153.6833,59.14,34,73,9.48,broken clouds,0.0,0.0
425,Ende,ID,2022-06-09 02:16:57,-8.8432,121.6623,84.18,69,36,2.64,scattered clouds,0.0,0.0
426,Balugaon,IN,2022-06-09 02:16:57,20.1667,85.1,90.16,66,90,0.96,overcast clouds,0.0,0.0
427,Ponta Delgada,PT,2022-06-09 02:16:57,37.7333,-25.6667,66.92,94,75,9.22,broken clouds,0.0,0.0
428,Kieta,PG,2022-06-09 02:16:58,-6.2167,155.6333,84.4,69,45,6.02,scattered clouds,0.0,0.0
429,Nenjiang,CN,2022-06-09 02:16:58,49.1833,125.2167,80.62,29,20,10.4,few clouds,0.0,0.0
430,Ganzhou,CN,2022-06-09 02:16:59,28.8184,115.4327,77.23,79,98,3.33,moderate rain,0.0,0.0
431,Kroya,ID,2022-06-09 02:16:59,-7.6331,109.2461,80.33,79,100,0.92,overcast clouds,0.0,0.0
432,Ina,JP,2022-06-09 02:17:00,35.8276,137.9538,73.71,61,15,6.91,few clouds,0.0,0.0
433,Curup,ID,2022-06-09 02:17:00,-3.4667,102.5333,76.68,77,61,1.81,broken clouds,0.0,0.0
434,Bathsheba,BB,2022-06-09 02:17:00,13.2167,-59.5167,83.01,78,20,17.27,few clouds,0.0,0.0
435,Zhangjiakou,CN,2022-06-09 02:17:01,40.81,114.8794,69.33,52,46,11.86,scattered clouds,0.0,0.0
436,Husavik,IS,2022-06-09 02:17:01,66.0449,-17.3389,45.91,93,100,3.42,overcast clouds,0.0,0.0
437,Alugan,PH,2022-06-09 02:17:02,12.2188,125.4808,83.73,77,93,9.66,overcast clouds,0.0,0.0
438,Mayna,RU,2022-06-09 02:17:02,54.1135,47.6231,52.92,88,99,10.89,overcast clouds,0.0,0.0
439,Pasinler,TR,2022-06-09 02:17:02,39.9803,41.6764,49.19,78,1,1.92,clear sky,0.0,0.0
440,Praya,CV,2022-06-09 02:17:03,14.9215,-23.5087,73.94,78,20,4.61,few clouds,0.0,0.0
441,Venado Tuerto,AR,2022-06-09 02:17:03,-33.7456,-61.9688,52.57,63,13,7.81,few clouds,0.0,0.0
442,Seminole,US,2022-06-09 02:17:04,28.7086,-81.2081,77.36,94,0,4.94,clear sky,0.0,0.0
443,Kutum,SD,2022-06-09 02:17:04,14.2,24.6667,72.01,68,76,18.68,broken clouds,0.0,0.0
444,Balkhash,KZ,2022-06-09 02:17:04,46.844,74.9804,77.61,22,0,11.18,clear sky,0.0,0.0
445,Pangkalanbuun,ID,2022-06-09 02:17:05,-2.6833,111.6167,84.0,73,87,0.78,overcast clouds,0.0,0.0
446,Bambari,CF,2022-06-09 02:17:05,5.768,20.6757,70.02,83,100,0.83,overcast clouds,0.0,0.0
447,Maniitsoq,GL,2022-06-09 02:17:06,65.4167,-52.9,39.9,68,19,1.95,few clouds,0.0,0.0
448,Taltal,CL,2022-06-09 02:17:06,-25.4,-70.4833,57.96,87,5,2.68,clear sky,0.0,0.0
449,Police,PL,2022-06-09 02:17:06,53.5521,14.5718,61.66,95,100,5.77,overcast clouds,0.0,0.0
450,Iquique,CL,2022-06-09 02:13:59,-20.2208,-70.1431,62.64,82,72,2.71,broken clouds,0.0,0.0
451,Puerto Del Rosario,ES,2022-06-09 02:17:07,28.5004,-13.8627,69.55,83,0,10.36,clear sky,0.0,0.0
452,Nago,JP,2022-06-09 02:17:07,26.5881,127.9761,72.45,94,100,9.4,moderate rain,0.0,0.0
453,Saint-Leu,RE,2022-06-09 02:17:08,-21.15,55.2833,65.26,76,62,16.35,broken clouds,0.0,0.0
454,Halifax,CA,2022-06-09 02:13:23,44.6453,-63.5724,58.51,95,100,8.01,overcast clouds,0.0,0.0
455,Piney Green,US,2022-06-09 02:17:08,34.716,-77.3202,77.95,97,0,6.91,clear sky,0.0,0.0
456,Fomboni,KM,2022-06-09 02:17:09,-12.28,43.7425,79.3,67,0,13.0,clear sky,0.0,0.0
457,Roebourne,AU,2022-06-09 02:17:09,-20.7833,117.1333,73.76,50,100,15.59,overcast clouds,0.0,0.0
458,Sobolevo,RU,2022-06-09 02:17:10,54.4299,31.8996,57.67,91,9,5.91,clear sky,0.0,0.0
459,Clarksdale,US,2022-06-09 02:17:10,34.2001,-90.5709,71.58,100,75,10.36,broken clouds,0.0,0.0
460,Neepawa,CA,2022-06-09 02:17:11,50.2289,-99.4664,64.8,74,64,7.18,broken clouds,0.0,0.0
461,Malatya,TR,2022-06-09 02:17:11,38.5,38.0,60.85,63,0,5.75,clear sky,0.0,0.0
462,Trairi,BR,2022-06-09 02:16:32,-3.2778,-39.2689,75.69,88,99,5.99,overcast clouds,0.0,0.0
463,Vila,PT,2022-06-09 02:17:12,42.0304,-8.1588,54.7,92,24,3.56,few clouds,0.0,0.0
464,Babstovo,RU,2022-06-09 02:17:12,48.1167,132.4833,64.44,86,100,4.18,light rain,0.0,0.0
465,Talara,PE,2022-06-09 02:17:13,-4.5772,-81.2719,66.78,81,100,16.44,overcast clouds,0.0,0.0
466,Iberia,US,2022-06-09 02:17:13,29.9502,-91.7507,84.27,78,0,8.05,clear sky,0.0,0.0
467,Mlonggo,ID,2022-06-09 02:17:13,-6.5333,110.7,82.96,72,100,2.98,overcast clouds,0.0,0.0
468,Khasan,RU,2022-06-09 02:17:14,42.4308,130.6434,59.52,79,48,7.9,scattered clouds,0.0,0.0
469,Gouyave,GD,2022-06-09 02:17:14,12.1646,-61.7296,81.37,78,40,13.8,scattered clouds,0.0,0.0
470,Avera,US,2022-06-09 02:17:15,33.194,-82.5271,78.85,66,65,5.93,broken clouds,0.0,0.0
471,Agucadoura,PT,2022-06-09 02:17:15,41.4318,-8.7804,65.32,95,32,4.9,scattered clouds,0.0,0.0
472,Linden,GY,2022-06-09 02:13:03,6.0,-58.3,73.35,99,100,2.68,overcast clouds,0.0,0.0
473,Mitu,CO,2022-06-09 02:14:12,1.1983,-70.1733,71.4,96,79,0.94,broken clouds,0.0,0.0
474,Shakawe,BW,2022-06-09 02:17:16,-18.3667,21.85,43.74,34,0,5.84,clear sky,0.0,0.0
475,Veraval,IN,2022-06-09 02:17:16,20.9,70.3667,84.49,78,100,10.78,overcast clouds,0.0,0.0
476,Moron,AR,2022-06-09 02:17:17,-34.6534,-58.6198,48.0,71,46,4.83,scattered clouds,0.0,0.0
477,Holly Springs,US,2022-06-09 02:17:17,35.6513,-78.8336,73.02,91,62,5.99,broken clouds,0.0,0.0
478,Razdolnoye,RU,2022-06-09 02:17:18,43.55,131.9167,66.61,51,71,12.21,broken clouds,0.0,0.0
479,Lata,PT,2022-06-09 02:17:18,40.1629,-8.3327,65.07,98,63,3.53,broken clouds,0.0,0.0
480,Hovd,MN,2022-06-09 02:17:18,48.0056,91.6419,62.33,26,1,2.98,clear sky,0.0,0.0
481,Hobyo,SO,2022-06-09 02:17:19,5.3505,48.5268,79.88,70,82,19.01,broken clouds,0.0,0.0
482,Asyut,EG,2022-06-09 02:17:19,27.181,31.1837,82.56,27,0,4.76,clear sky,0.0,0.0
483,Penaflor,CL,2022-06-09 02:15:09,-33.6167,-70.9167,57.38,87,28,2.24,scattered clouds,0.0,0.0
484,Woodward,US,2022-06-09 02:17:20,36.4337,-99.3904,72.63,66,0,4.61,clear sky,0.0,0.0
485,Boshnyakovo,RU,2022-06-09 02:17:20,49.6333,142.1667,47.8,76,100,2.17,light rain,0.0,0.0
486,Houma,US,2022-06-09 02:14:56,29.5958,-90.7195,84.0,77,0,3.44,clear sky,0.0,0.0
487,Gravdal,NO,2022-06-09 02:17:21,68.1214,13.5031,43.07,76,51,11.16,broken clouds,0.0,0.0
488,Durban,ZA,2022-06-09 02:17:21,-29.8579,31.0292,60.03,81,0,5.99,clear sky,0.0,0.0
489,Santa Isabel Do Rio Negro,BR,2022-06-09 02:17:22,-0.4139,-65.0192,72.93,95,43,1.28,scattered clouds,0.0,0.0
490,Conceicao Do Araguaia,BR,2022-06-09 02:17:22,-8.2578,-49.2647,73.65,64,10,2.55,clear sky,0.0,0.0
491,Hasaki,JP,2022-06-09 02:17:23,35.7333,140.8333,66.6,80,90,14.61,overcast clouds,0.0,0.0
492,Tsaratanana,MG,2022-06-09 02:17:23,-16.7833,47.65,64.27,82,2,9.86,clear sky,0.0,0.0
493,Shangrao,CN,2022-06-09 02:17:23,28.4532,117.9686,77.76,69,89,6.62,overcast clouds,0.0,0.0
494,Kindu,CD,2022-06-09 02:17:24,-2.95,25.95,65.95,75,43,2.33,scattered clouds,0.0,0.0
495,Bucerias,MX,2022-06-09 02:16:33,20.75,-105.3333,78.98,78,100,8.05,overcast clouds,0.0,0.0
496,Maruko,JP,2022-06-09 02:17:24,36.3167,138.2667,70.93,48,31,0.69,scattered clouds,0.0,0.0
497,San Jose,US,2022-06-09 02:17:25,37.3394,-121.895,75.92,60,75,16.11,broken clouds,0.0,0.0
498,Byron Bay,AU,2022-06-09 02:17:25,-28.65,153.6167,62.71,43,0,4.23,clear sky,0.0,0.0
499,Karratha,AU,2022-06-09 02:17:26,-20.7377,116.8463,73.72,50,100,15.75,overcast clouds,0.0,0.0
500,Vyartsilya,RU,2022-06-09 02:17:26,62.1764,30.693,52.84,99,100,3.36,light rain,0.0,0.0
501,Motygino,RU,2022-06-09 02:17:26,58.1831,94.7592,57.07,68,37,1.03,scattered clouds,0.0,0.0
502,Chara,RU,2022-06-09 02:17:27,56.9064,118.2631,69.84,50,64,1.16,broken clouds,0.0,0.0
503,Santa Juliana,PH,2022-06-09 02:17:27,15.3283,120.4286,91.2,64,88,5.55,overcast clouds,0.0,0.0
504,Owosso,US,2022-06-09 02:17:21,42.9978,-84.1766,57.34,89,100,0.0,moderate rain,0.0,0.0
505,Vaitape,PF,2022-06-09 02:17:28,-16.5167,-151.75,79.0,77,50,8.05,moderate rain,0.0,0.0
506,Lagos,NG,2022-06-09 02:16:18,6.5833,3.75,80.92,89,86,4.05,overcast clouds,0.0,0.0
507,Puerto Boyaca,CO,2022-06-09 02:17:28,5.9758,-74.5885,72.45,98,61,0.65,broken clouds,0.0,0.0
508,Grand Gaube,MU,2022-06-09 02:17:29,-20.0064,57.6608,72.0,77,4,1.99,clear sky,0.0,0.0
509,Puerto Ayacucho,VE,2022-06-09 02:17:29,5.6639,-67.6236,75.06,90,87,2.91,overcast clouds,0.0,0.0
510,Iacu,BR,2022-06-09 02:17:30,-12.7672,-40.2117,65.91,86,0,2.3,clear sky,0.0,0.0
511,Chardara,KZ,2022-06-09 02:17:30,41.2547,67.9692,77.45,37,29,9.06,scattered clouds,0.0,0.0
512,Izacic,BA,2022-06-09 02:17:30,44.875,15.7819,55.44,94,92,3.04,overcast clouds,0.0,0.0
513,Pacific Grove,US,2022-06-09 02:17:31,36.6177,-121.9166,74.88,81,20,9.22,few clouds,0.0,0.0
514,Northam,GB,2022-06-09 02:17:31,51.0333,-4.2167,56.61,89,48,11.54,scattered clouds,0.0,0.0
515,Sakakah,SA,2022-06-09 02:17:32,29.9697,40.2064,83.77,19,0,5.28,clear sky,0.0,0.0
516,Ewa Beach,US,2022-06-09 02:17:32,21.3156,-158.0072,85.37,54,0,17.27,clear sky,0.0,0.0
517,Mokhsogollokh,RU,2022-06-09 02:17:32,61.4681,128.9203,76.95,42,72,5.01,broken clouds,0.0,0.0
518,Iracoubo,GF,2022-06-09 02:17:33,5.4802,-53.2011,77.77,87,100,7.45,overcast clouds,0.0,0.0
519,Flinders,AU,2022-06-09 02:17:33,-34.5833,150.8552,60.19,53,0,13.0,clear sky,0.0,0.0
520,Caravelas,BR,2022-06-09 02:17:34,-17.7125,-39.2481,70.34,93,8,5.79,clear sky,0.0,0.0
521,San Matias,BO,2022-06-09 02:17:34,-16.3667,-58.4,68.2,95,3,4.14,clear sky,0.0,0.0
522,Davidson,US,2022-06-09 02:17:18,36.1501,-86.7833,77.76,85,40,4.0,scattered clouds,0.0,0.0
523,Sao Joao Da Barra,BR,2022-06-09 02:17:35,-21.6403,-41.0511,68.67,89,59,7.47,broken clouds,0.0,0.0
524,Yarim,YE,2022-06-09 02:17:35,14.298,44.3779,58.17,64,56,2.3,broken clouds,0.0,0.0
525,Brentwood,US,2022-06-09 02:15:56,40.7812,-73.2462,73.56,85,75,4.61,broken clouds,0.0,0.0
526,Hashtgerd,IR,2022-06-09 02:17:36,35.9642,50.6858,64.24,23,0,6.44,clear sky,0.0,0.0
527,Damavand,IR,2022-06-09 02:17:36,35.7178,52.065,66.81,23,3,2.21,clear sky,0.0,0.0
528,Ahuimanu,US,2022-06-09 02:17:36,21.4447,-157.8378,85.14,63,100,12.66,overcast clouds,0.0,0.0
529,Katherine,AU,2022-06-09 02:17:37,-14.4667,132.2667,77.32,22,100,13.8,overcast clouds,0.0,0.0
530,Baykit,RU,2022-06-09 02:17:37,61.67,96.37,59.88,47,18,8.05,few clouds,0.0,0.0
531,Tucuman,AR,2022-06-09 02:17:38,-26.8241,-65.2226,55.4,94,1,6.91,clear sky,0.0,0.0
532,Caluquembe,AO,2022-06-09 02:17:38,-13.7833,14.6833,46.89,58,7,3.8,clear sky,0.0,0.0
533,Humaita,BR,2022-06-09 02:17:38,-7.5061,-63.0208,73.2,94,97,2.1,overcast clouds,0.0,0.0
534,Wewak,PG,2022-06-09 02:17:39,-3.5534,143.6268,82.15,76,95,2.01,overcast clouds,0.0,0.0
535,Samrala,IN,2022-06-09 02:17:39,30.8367,76.1897,95.59,17,1,5.08,clear sky,0.0,0.0
536,Broken Hill,AU,2022-06-09 02:17:40,-31.95,141.4333,53.55,55,4,12.28,clear sky,0.0,0.0
537,Clifton,US,2022-06-09 02:17:40,40.8584,-74.1638,75.11,66,0,4.61,clear sky,0.0,0.0
538,Vila Velha,BR,2022-06-09 02:17:41,-20.3297,-40.2925,68.95,90,0,2.3,clear sky,0.0,0.0
539,Cururupu,BR,2022-06-09 02:17:41,-1.8283,-44.8683,75.15,92,100,3.33,overcast clouds,0.0,0.0
540,Belaya Gora,RU,2022-06-09 02:17:41,68.5333,146.4167,42.91,84,100,5.3,moderate rain,0.0,0.0
541,Aksarka,RU,2022-06-09 02:17:42,66.5606,67.7975,65.28,38,6,8.88,clear sky,0.0,0.0
542,Puerto Rico,AR,2022-06-09 02:17:42,-26.796,-55.024,57.29,98,53,1.59,broken clouds,0.0,0.0
543,Rio Gallegos,AR,2022-06-09 02:15:26,-51.6226,-69.2181,32.05,74,0,19.57,clear sky,0.0,0.0
544,Muisne,EC,2022-06-09 02:17:43,0.6,-80.0333,75.31,82,100,7.63,overcast clouds,0.0,0.0
545,Abu Dhabi,AE,2022-06-09 02:16:11,24.4667,54.3667,85.96,73,0,2.3,clear sky,0.0,0.0
546,Poli,TZ,2022-06-09 02:17:43,-3.3333,36.8,53.65,90,76,2.98,broken clouds,0.0,0.0
547,Sangar,RU,2022-06-09 02:17:44,63.9242,127.4739,77.7,28,24,11.43,few clouds,0.0,0.0
548,Walvis Bay,NA,2022-06-09 02:17:44,-22.9575,14.5053,68.95,28,0,2.3,clear sky,0.0,0.0
549,Pochinki,RU,2022-06-09 02:17:45,54.6988,44.8668,53.19,87,18,9.42,few clouds,0.0,0.0
550,Mogadouro,PT,2022-06-09 02:17:45,41.3403,-6.7119,53.92,95,52,1.99,broken clouds,0.0,0.0
551,Mikkeli,FI,2022-06-09 02:17:45,61.6886,27.2723,57.31,88,0,1.14,clear sky,0.0,0.0
552,Sulangan,PH,2022-06-09 02:17:46,11.1373,123.7228,84.15,71,100,7.63,overcast clouds,0.0,0.0
553,Kashi,CN,2022-06-09 02:17:46,39.4547,75.9797,69.01,52,75,15.66,broken clouds,0.0,0.0
554,Balclutha,NZ,2022-06-09 02:17:47,-46.2339,169.75,48.96,70,100,3.22,overcast clouds,0.0,0.0
555,Aitape,PG,2022-06-09 02:17:47,-3.1374,142.3475,84.69,67,64,4.23,broken clouds,0.0,0.0
556,Melilla,ES,2022-06-09 02:17:47,35.2937,-2.9383,82.78,39,0,9.22,clear sky,0.0,0.0
557,Tiznit,MA,2022-06-09 02:17:48,29.5833,-9.5,70.52,55,0,0.47,clear sky,0.0,0.0
558,Pochutla,MX,2022-06-09 02:17:48,15.7432,-96.4661,75.02,87,89,2.01,overcast clouds,0.0,0.0
559,Tuyen Quang,VN,2022-06-09 02:17:49,21.8233,105.2181,82.89,84,100,1.66,overcast clouds,0.0,0.0
560,Shimanovsk,RU,2022-06-09 02:17:49,52.0,127.7,71.56,46,9,9.73,clear sky,0.0,0.0
561,Prince Rupert,CA,2022-06-09 02:17:49,54.3161,-130.3201,57.29,69,100,25.32,overcast clouds,0.0,0.0
562,Rabo De Peixe,PT,2022-06-09 02:17:50,37.8,-25.5833,65.71,94,75,9.22,broken clouds,0.0,0.0
563,Gizo,SB,2022-06-09 02:17:50,-8.103,156.8419,82.56,71,91,2.86,overcast clouds,0.0,0.0
564,Kurilsk,RU,2022-06-09 02:17:51,45.2333,147.8833,45.63,75,100,3.98,overcast clouds,0.0,0.0
565,Santa Eulalia,PE,2022-06-09 02:17:51,-11.85,-76.6833,36.0,77,5,1.48,clear sky,0.0,0.0
566,Beloha,MG,2022-06-09 02:17:52,-25.1667,45.05,58.41,76,0,6.42,clear sky,0.0,0.0
567,Heihe,CN,2022-06-09 02:17:52,50.2441,127.4902,72.18,54,53,5.73,broken clouds,0.0,0.0
568,Atasu,KZ,2022-06-09 02:17:52,48.6814,71.6433,77.85,23,93,17.11,overcast clouds,0.0,0.0
569,Kargopol,RU,2022-06-09 02:17:53,61.5071,38.9456,54.1,76,100,4.05,overcast clouds,0.0,0.0
570,Madruga,CU,2022-06-09 02:17:53,22.9114,-81.8561,68.94,91,95,7.11,overcast clouds,0.0,0.0
571,Urucui,BR,2022-06-09 02:17:54,-7.2294,-44.5561,78.24,66,69,3.15,broken clouds,0.0,0.0
572,Kostomuksha,RU,2022-06-09 02:17:54,64.571,30.5767,53.22,77,100,3.53,light rain,0.0,0.0
573,Gloversville,US,2022-06-09 02:16:24,43.0528,-74.3438,63.91,84,96,2.93,overcast clouds,0.0,0.0
574,Palmer,US,2022-06-09 02:17:55,42.1584,-72.3287,66.61,78,100,3.44,overcast clouds,0.0,0.0
575,Karlshamn,SE,2022-06-09 02:17:55,56.1706,14.8619,51.91,91,100,3.31,overcast clouds,0.0,0.0
576,Puerto El Triunfo,SV,2022-06-09 02:17:56,13.2833,-88.55,78.55,86,100,4.27,overcast clouds,0.0,0.0
577,Dwarka,IN,2022-06-09 02:17:56,22.2394,68.9678,83.86,73,89,17.05,overcast clouds,0.0,0.0
578,Ixtapa,MX,2022-06-09 02:17:57,20.7,-105.2,78.22,78,100,8.05,overcast clouds,0.0,0.0
579,Gat,IL,2022-06-09 02:16:04,31.61,34.7642,73.4,63,0,2.95,clear sky,0.0,0.0
580,Turukhansk,RU,2022-06-09 02:17:57,65.8167,87.9833,48.34,51,4,7.67,clear sky,0.0,0.0
581,Coffs Harbour,AU,2022-06-09 02:17:57,-30.3,153.1333,62.13,33,0,2.3,clear sky,0.0,0.0
582,Ilhabela,BR,2022-06-09 02:17:58,-23.7781,-45.3581,66.58,91,67,5.75,broken clouds,0.0,0.0
583,Praia,CV,2022-06-09 02:17:58,14.9215,-23.5087,73.94,78,20,4.61,few clouds,0.0,0.0
584,Wattegama,LK,2022-06-09 02:17:59,6.7989,81.4808,79.29,74,99,8.72,overcast clouds,0.0,0.0
585,Riohacha,CO,2022-06-09 02:17:59,11.5444,-72.9072,81.32,73,35,15.5,scattered clouds,0.0,0.0
586,Qinzhou,CN,2022-06-09 02:14:11,21.95,108.6167,84.99,75,99,9.33,moderate rain,0.0,0.0
587,Marzuq,YE,2022-06-09 02:18:00,14.4,46.4667,75.63,37,100,4.12,overcast clouds,0.0,0.0
588,Castro Verde,PT,2022-06-09 02:18:00,37.6983,-8.0858,62.02,94,100,9.95,overcast clouds,0.0,0.0
589,Elbistan,TR,2022-06-09 02:18:00,38.2059,37.1983,60.03,82,0,2.26,clear sky,0.0,0.0
590,Anadyr,RU,2022-06-09 02:18:01,64.75,177.4833,48.7,49,0,11.18,clear sky,0.0,0.0
591,Aklavik,CA,2022-06-09 02:18:01,68.2191,-135.0107,41.14,61,100,13.27,overcast clouds,0.0,0.0
592,Panama City,PA,2022-06-09 02:15:41,8.9936,-79.5197,80.55,86,40,4.61,scattered clouds,0.0,0.0
593,Bolivar,US,2022-06-09 02:13:08,37.6145,-93.4105,69.94,87,4,8.1,clear sky,0.0,0.0
594,Imbituba,BR,2022-06-09 02:18:02,-28.24,-48.6703,62.85,99,27,4.12,scattered clouds,0.0,0.0
595,Liverpool,GB,2022-06-09 02:18:02,53.4106,-2.9779,55.81,81,23,8.05,few clouds,0.0,0.0
596,Lazaro Cardenas,MX,2022-06-09 02:18:03,17.9583,-102.2,78.57,79,18,6.89,few clouds,0.0,0.0
597,Tamworth,GB,2022-06-09 02:18:03,52.634,-1.6959,53.02,86,11,3.0,few clouds,0.0,0.0
598,Iralaya,HN,2022-06-09 02:18:04,15.0,-83.2333,80.35,85,100,13.71,overcast clouds,0.0,0.0
599,Qaqortoq,GL,2022-06-09 02:18:04,60.7167,-46.0333,40.93,79,24,3.38,few clouds,0.0,0.0
600,Brae,GB,2022-06-09 02:18:04,60.3964,-1.353,49.42,84,100,16.22,overcast clouds,0.0,0.0
601,Mahibadhoo,MV,2022-06-09 02:18:05,3.7833,72.9667,81.79,72,78,7.2,broken clouds,0.0,0.0
602,Booue,GA,2022-06-09 02:18:05,-0.0921,11.9385,70.25,99,83,1.16,broken clouds,0.0,0.0
603,Port Augusta,AU,2022-06-09 02:18:06,-32.5,137.7667,56.52,57,100,5.17,overcast clouds,0.0,0.0
604,Kumano,JP,2022-06-09 02:18:06,34.3442,132.5894,72.77,64,100,3.27,overcast clouds,0.0,0.0
605,Ouro Preto Do Oeste,BR,2022-06-09 02:18:06,-10.7481,-62.2158,71.67,93,58,1.83,broken clouds,0.0,0.0
606,Sambava,MG,2022-06-09 02:18:07,-14.2667,50.1667,69.91,83,0,10.8,clear sky,0.0,0.0
607,Chapleau,CA,2022-06-09 02:18:08,47.8405,-83.4034,51.37,81,78,3.91,broken clouds,0.0,0.0
608,Mitsamiouli,KM,2022-06-09 02:18:08,-11.3847,43.2844,77.5,67,2,6.44,clear sky,0.0,0.0
609,Guisa,CU,2022-06-09 02:18:08,20.255,-76.5386,71.06,96,100,3.51,overcast clouds,0.0,0.0
610,Mims,US,2022-06-09 02:18:09,28.6653,-80.8448,76.33,92,0,10.36,clear sky,0.0,0.0
611,Leninskoye,KZ,2022-06-09 02:18:09,41.7589,69.3864,80.24,29,5,4.45,clear sky,0.0,0.0
612,Sisophon,KH,2022-06-09 02:18:10,13.5859,102.9737,86.94,61,95,7.47,overcast clouds,0.0,0.0
613,Buala,SB,2022-06-09 02:18:10,-8.145,159.5921,83.59,73,99,5.59,light rain,0.0,0.0
614,Saryg-Sep,RU,2022-06-09 02:18:10,51.5,95.6,46.15,82,100,2.86,overcast clouds,0.0,0.0
615,Kissidougou,GN,2022-06-09 02:18:11,9.1848,-10.0999,68.27,98,29,4.68,scattered clouds,0.0,0.0
616,Kruisfontein,ZA,2022-06-09 02:18:11,-34.0033,24.7314,57.88,46,0,12.1,clear sky,0.0,0.0
617,Iqaluit,CA,2022-06-09 02:18:12,63.7506,-68.5145,44.33,65,75,0.0,broken clouds,0.0,0.0
618,Jangaon,IN,2022-06-09 02:18:12,17.7167,79.1833,87.3,48,12,19.46,few clouds,0.0,0.0
619,San Francisco Del Mar,MX,2022-06-09 02:18:12,16.2333,-94.65,82.69,74,99,4.18,overcast clouds,0.0,0.0
620,Fez,MA,2022-06-09 02:18:13,34.0372,-4.9998,64.65,51,0,6.91,clear sky,0.0,0.0
621,Marrakesh,MA,2022-06-09 02:18:10,31.6315,-8.0083,75.27,46,0,6.91,clear sky,0.0,0.0
622,Bilma,NE,2022-06-09 02:18:13,18.6853,12.9164,87.78,12,52,4.34,broken clouds,0.0,0.0
623,Burgeo,CA,2022-06-09 02:18:14,47.6167,-57.6152,49.77,61,100,3.62,overcast clouds,0.0,0.0
624,Baghdad,IQ,2022-06-09 02:18:14,33.3406,44.4009,76.91,33,0,9.22,clear sky,0.0,0.0
625,Vanimo,PG,2022-06-09 02:18:15,-2.6741,141.3028,84.43,67,98,5.91,overcast clouds,0.0,0.0
626,Kununurra,AU,2022-06-09 02:18:15,-15.7667,128.7333,80.58,24,83,13.8,broken clouds,0.0,0.0
627,Si Sa Ket,TH,2022-06-09 02:18:15,14.8333,104.3333,88.88,61,100,7.52,overcast clouds,0.0,0.0
628,Barstow,US,2022-06-09 02:18:16,34.8986,-117.0228,101.39,9,1,20.45,clear sky,0.0,0.0
629,Narasannapeta,IN,2022-06-09 02:18:16,18.4167,84.05,86.59,77,100,8.59,overcast clouds,0.0,0.0
630,Santa Cruz Do Capibaribe,BR,2022-06-09 02:18:17,-7.9575,-36.2047,67.1,97,14,3.27,few clouds,0.0,0.0
631,Puerto Baquerizo Moreno,EC,2022-06-09 02:18:17,-0.9,-89.6,70.57,83,29,10.02,scattered clouds,0.0,0.0
632,Touros,BR,2022-06-09 02:18:18,-5.1989,-35.4608,74.5,92,38,8.34,light rain,0.0,0.0
633,Ajdabiya,LY,2022-06-09 02:18:18,30.7554,20.2263,70.97,78,0,5.95,clear sky,0.0,0.0
634,Ryuo,JP,2022-06-09 02:18:18,35.65,138.5,78.19,50,29,1.01,scattered clouds,0.0,0.0
635,Roald,NO,2022-06-09 02:18:19,62.5833,6.1333,50.76,87,19,19.57,few clouds,0.0,0.0
636,Sinnamary,GF,2022-06-09 02:18:19,5.3833,-52.95,77.76,87,100,7.31,overcast clouds,0.0,0.0
637,Pahalgam,IN,2022-06-09 02:18:20,34.0333,75.3333,60.3,50,97,1.57,overcast clouds,0.0,0.0
638,Shitanjing,CN,2022-06-09 02:18:20,39.2342,106.3439,78.08,10,37,6.2,scattered clouds,0.0,0.0
639,Mandalgovi,MN,2022-06-09 02:18:21,45.7625,106.2708,54.07,44,0,10.69,clear sky,0.0,0.0
640,Ibra,OM,2022-06-09 02:18:21,22.6906,58.5334,80.31,66,0,3.24,clear sky,0.0,0.0
641,Conakry,GN,2022-06-09 02:18:21,9.538,-13.6773,80.83,77,100,9.33,light rain,0.0,0.0
642,Viedma,AR,2022-06-09 02:18:22,-40.8135,-62.9967,58.62,36,49,21.79,scattered clouds,0.0,0.0
643,Kilindoni,TZ,2022-06-09 02:18:22,-7.9139,39.6668,78.22,74,44,14.32,light rain,0.0,0.0
644,Pavilosta,LV,2022-06-09 02:18:23,56.8879,21.1859,48.11,95,2,5.7,clear sky,0.0,0.0
645,Terney,RU,2022-06-09 02:18:23,45.0503,136.6092,59.18,73,63,6.15,broken clouds,0.0,0.0
646,Litovko,RU,2022-06-09 02:18:23,49.2361,135.1742,53.06,98,100,10.27,moderate rain,0.0,0.0
647,Rantepao,ID,2022-06-09 02:18:24,-2.9701,119.8978,79.39,68,58,3.02,broken clouds,0.0,0.0
648,Tyshkivka,UA,2022-06-09 02:18:24,48.4967,30.9423,63.72,61,42,4.05,scattered clouds,0.0,0.0
649,Murray Bridge,AU,2022-06-09 02:18:25,-35.1167,139.2667,57.13,65,94,14.54,overcast clouds,0.0,0.0
650,Emerald,AU,2022-06-09 02:18:25,-23.5333,148.1667,57.34,50,1,14.29,clear sky,0.0,0.0
651,Moree,AU,2022-06-09 02:18:26,-29.4667,149.85,52.97,52,0,13.38,clear sky,0.0,0.0
652,Aksu,CN,2022-06-09 02:18:26,41.1231,80.2644,80.53,14,71,2.35,broken clouds,0.0,0.0
653,Sabang,ID,2022-06-09 02:17:07,5.8933,95.3214,82.54,77,100,10.85,overcast clouds,0.0,0.0
654,Kedrovyy,RU,2022-06-09 02:18:26,56.1667,91.8167,50.41,55,3,2.91,clear sky,0.0,0.0
655,Bijapur,IN,2022-06-09 02:18:27,16.8333,75.7,78.26,63,99,12.77,overcast clouds,0.0,0.0
656,Rajmahal,IN,2022-06-09 02:18:27,25.05,87.8333,89.29,67,90,10.25,very heavy rain,0.0,0.0
657,Eydhafushi,MV,2022-06-09 02:18:28,5.1033,73.0708,81.41,76,17,7.27,few clouds,0.0,0.0
658,Morehead,US,2022-06-09 02:18:28,37.2711,-87.1764,76.75,69,0,0.0,clear sky,0.0,0.0
659,Ostrovnoy,RU,2022-06-09 02:18:29,68.0531,39.5131,52.25,58,99,13.87,overcast clouds,0.0,0.0
660,Perigueux,FR,2022-06-09 02:18:29,45.1833,0.7167,54.97,89,48,3.87,scattered clouds,0.0,0.0
661,Ambilobe,MG,2022-06-09 02:18:30,-13.2,49.05,66.34,92,4,2.93,clear sky,0.0,0.0
662,Huangchuan,CN,2022-06-09 02:18:30,32.1272,115.0394,89.55,43,95,5.26,overcast clouds,0.0,0.0
663,Salinopolis,BR,2022-06-09 02:18:30,-0.6136,-47.3561,78.24,86,83,9.4,broken clouds,0.0,0.0
664,Beira,MZ,2022-06-09 02:18:31,-19.8436,34.8389,68.09,88,75,11.5,broken clouds,0.0,0.0
665,Sechura,PE,2022-06-09 02:18:31,-5.5569,-80.8222,65.77,78,100,15.57,overcast clouds,0.0,0.0
666,Nanton,CA,2022-06-09 02:18:32,50.3501,-113.7687,67.82,51,95,12.03,overcast clouds,0.0,0.0
667,Klamath Falls,US,2022-06-09 02:13:36,42.2249,-121.7817,73.87,23,0,13.8,clear sky,0.0,0.0
668,Vilyuysk,RU,2022-06-09 02:18:32,63.7553,121.6247,74.57,47,54,6.22,broken clouds,0.0,0.0
669,Fonte Boa,BR,2022-06-09 02:18:33,-2.4959,-66.2662,73.31,98,100,2.08,overcast clouds,0.0,0.0
670,Te Anau,NZ,2022-06-09 02:18:33,-45.4167,167.7167,45.25,90,92,3.8,light rain,0.0,0.0
671,Boa Vista,BR,2022-06-09 02:18:34,2.8197,-60.6733,78.78,78,40,0.0,scattered clouds,0.0,0.0
672,Baependi,BR,2022-06-09 02:18:34,-21.9589,-44.89,58.89,93,80,2.75,broken clouds,0.0,0.0
673,Akyab,MM,2022-06-09 02:18:35,20.15,92.9,81.93,79,100,9.26,overcast clouds,0.0,0.0
674,Izhmorskiy,RU,2022-06-09 02:18:35,56.194,86.6414,50.47,63,100,4.97,overcast clouds,0.0,0.0
675,Balsas,BR,2022-06-09 02:18:35,-7.5325,-46.0356,76.26,53,83,2.01,broken clouds,0.0,0.0
676,Richards Bay,ZA,2022-06-09 02:18:36,-28.783,32.0377,59.02,88,0,9.73,clear sky,0.0,0.0
677,Tanete,ID,2022-06-09 02:18:37,-3.9443,119.7848,83.73,72,98,3.71,overcast clouds,0.0,0.0
678,Kenora,CA,2022-06-09 02:18:37,49.8167,-94.4337,63.57,42,40,2.3,scattered clouds,0.0,0.0
679,Maarianhamina,AX,2022-06-09 02:18:37,60.0973,19.9348,55.26,88,0,4.61,clear sky,0.0,0.0
680,Saint-Pierre,RE,2022-06-09 02:18:38,-21.3393,55.4781,65.88,94,100,3.44,overcast clouds,0.0,0.0
681,Saint-Paul-Les-Dax,FR,2022-06-09 02:18:38,43.7272,-1.0516,63.12,98,7,2.3,clear sky,0.0,0.0
682,Sibu,MY,2022-06-09 02:18:39,2.3,111.8167,79.11,94,20,3.44,few clouds,0.0,0.0
683,Piacabucu,BR,2022-06-09 02:18:39,-10.4056,-36.4344,74.46,87,14,4.36,few clouds,0.0,0.0
684,San Andres,CO,2022-06-09 02:18:40,12.5847,-81.7006,82.42,83,75,4.61,broken clouds,0.0,0.0
685,Santa Maria,BR,2022-06-09 02:18:40,-29.6842,-53.8069,55.96,96,10,4.34,clear sky,0.0,0.0
686,Alindao,CF,2022-06-09 02:18:40,5.0267,21.2088,69.13,85,100,1.77,overcast clouds,0.0,0.0
687,Phan Thiet,VN,2022-06-09 02:18:41,10.9333,108.1,85.86,65,50,1.25,scattered clouds,0.0,0.0
688,Gusinoye Ozero,RU,2022-06-09 02:18:41,51.1144,106.2614,54.95,56,100,5.26,overcast clouds,0.0,0.0
689,Khonsa,IN,2022-06-09 02:18:42,27.0167,95.5667,68.22,100,100,0.76,overcast clouds,0.0,0.0
690,Numaran,MX,2022-06-09 02:18:42,20.25,-101.9333,75.51,46,88,1.99,overcast clouds,0.0,0.0
691,Bari Sadri,IN,2022-06-09 02:18:42,24.4167,74.4667,83.82,57,0,16.49,clear sky,0.0,0.0
692,Helena,US,2022-06-09 02:16:30,46.5927,-112.0361,64.42,61,75,6.91,broken clouds,0.0,0.0
693,Ono,JP,2022-06-09 02:18:43,34.85,134.9333,78.28,46,34,4.14,scattered clouds,0.0,0.0
694,Slave Lake,CA,2022-06-09 02:18:14,55.2834,-114.769,57.18,77,100,2.3,overcast clouds,0.0,0.0
695,Sampit,ID,2022-06-09 02:18:44,-2.5333,112.95,78.49,93,79,1.23,broken clouds,0.0,0.0
696,Bexbach,DE,2022-06-09 02:18:44,49.3461,7.2553,55.2,94,0,9.22,clear sky,0.0,0.0
697,Republic,US,2022-06-09 02:18:44,37.12,-93.4802,67.8,76,0,3.44,clear sky,0.0,0.0
698,Soe,ID,2022-06-09 02:18:45,-9.8607,124.284,74.35,68,100,8.01,overcast clouds,0.0,0.0
